company_name,date,title,sentence,topic,probability
Bank of America,2025-10-15,,Thank you for joining us to review our third quarter results.,-1,0.0
Bank of America,2025-10-15,,Our earnings release documents are available on the Investor Relations section of the bankofamerica.com website.,3,1.0
Bank of America,2025-10-15,,Those documents include the earnings presentation that we'll make reference to during the call.,3,1.0
Bank of America,2025-10-15,,"Brian Moynihan will make some brief comments before turning the call over to Alastair Borthwick, our CFO, to discuss more of the details in the quarter.",39,1.0
Bank of America,2025-10-15,,Let me just remind you that we may make forward-looking statements and refer to non-GAAP financial measures during the call.,3,0.24289333909198343
Bank of America,2025-10-15,,The forward-looking statements are based on management's current expectations and assumptions and those are subject to risks and uncertainties laid out.,-1,0.0
Bank of America,2025-10-15,,Factors that may cause our actual results to materially differ from expectations are detailed in the earnings material and available in the SEC filings on the website.,3,0.3037865715804971
Bank of America,2025-10-15,,"Information about non-GAAP financial measures, including reconciliations to U.S.",3,0.2300223976578804
Bank of America,2025-10-15,,"GAAP, can also be found in our earnings materials and are also available on the website.",3,0.2188406842938688
Bank of America,2025-10-15,,"With that, Brian, over to you.",32,0.6589326707394859
Bank of America,2025-10-15,,"Thank you, Lee, and good morning, and thank you, all, for joining us.",38,0.4225467110889022
Bank of America,2025-10-15,,"Bank of America delivered a strong third quarter with good growth both in the top-line revenue and bottom-line EPS, all driven by strong operating leverage.",10,0.012717061064047637
Bank of America,2025-10-15,,Our ROTCE improved to 15.4%.,46,1.0
Bank of America,2025-10-15,,This quarter's results provide good momentum as we finish 2025 and head into 2026.,9,0.15420629376873848
Bank of America,2025-10-15,,We have been demonstrating consistent organic growth for many quarters.,45,1.0
Bank of America,2025-10-15,,This quarter's results highlight the continued organic strength of our world-class deposit and lending capabilities.,-1,0.0
Bank of America,2025-10-15,,"Our results also underscore the benefits of a diversified business model with top-tier position, not only in lending and deposits, but also across the market-driven businesses in Wealth Management, Global Markets, and Global Banking.",-1,0.0
Bank of America,2025-10-15,,"Before I turn over to Alastair, I'm going to hit a few highlights here.",39,1.0
Bank of America,2025-10-15,,"We reported revenue of $28 billion, up 11% year-over-year.",26,0.3521111281817476
Bank of America,2025-10-15,,"EPS was $1.06, up 31% year-over-year.",47,1.0
Bank of America,2025-10-15,,We drove operating leverage of 560 basis points in the quarter.,10,1.0
Bank of America,2025-10-15,,The efficiency ratio fell below 62%.,-1,0.0
Bank of America,2025-10-15,,The return on assets reached 98 basis points.,33,1.0
Bank of America,2025-10-15,,"And during the quarter, we returned to our shareholders $7.4 billion through dividends and share repurchases.",8,1.0
Bank of America,2025-10-15,,Net interest income on an FTE basis reached a record $15.4 billion.,-1,0.0
Bank of America,2025-10-15,,"That was supported by strong commercial loan and deposit growth, along with continued balance sheet positioning.",6,0.09877862424272163
Bank of America,2025-10-15,,"Investment banking fees exceeded $2 billion, up 43% year-over-year.",21,0.7467990913260026
Bank of America,2025-10-15,,"Our team in Sales & Trading grew revenue 8%, marking our 14th consecutive quarter of year-over-year revenue growth.",2,0.05870987939357973
Bank of America,2025-10-15,,Our asset management fees increased 12% compared to last year.,21,0.23739068481997588
Bank of America,2025-10-15,,All the business segments contribute to earnings improvement and had growth in earnings.,-1,0.0
Bank of America,2025-10-15,,2 stood out this quarter.,-1,0.0
Bank of America,2025-10-15,,"Our Consumer Banking team delivered $3.4 billion in after-tax earnings, up 28% year-over-year, with 600 basis points of operating leverage.",10,0.04882497782775808
Bank of America,2025-10-15,,This reflects strong revenue growth and disciplined expense management.,-1,0.0
Bank of America,2025-10-15,,"This business is driven off the core operating accounts of our consumer customers, and we gained more than this quarter.",48,1.0
Bank of America,2025-10-15,,"These accounts have strong balances per account, the customers give us great customer scores, and we operate them at lower cost with more primacy in the account and lower attrition compared to anyone in the industry.",48,0.3600951142604058
Bank of America,2025-10-15,,That is a winning combination.,7,0.2616554795253543
Bank of America,2025-10-15,,"Our Global Wealth and Investment Management teams posted net income of nearly $1.3 billion, up 19%.",20,0.13414001350461413
Bank of America,2025-10-15,,"That was driven by the strong Merrill and Private Bank advisor productivity and concomitant, continued growth in fee-based assets.",21,0.1493723077217812
Bank of America,2025-10-15,,Spending in this business was particularly strong with $12 billion in loan growth in this quarter.,6,0.11132328269829447
Bank of America,2025-10-15,,"GWIM also opened another 32,000 banking accounts and grew deposits $3 billion from quarter 2.",-1,0.0
Bank of America,2025-10-15,,"As we look ahead, we believe this quarter's performance continues to reflect the impact of the investments we have made on a continuous basis for many years in technology, talent and client experience.",37,1.0
Bank of America,2025-10-15,,These continue to translate into strong financial results.,-1,0.0
Bank of America,2025-10-15,,We have been growing loans with the right risk and deposits as we continue to gain market share through organic growth.,6,0.06116488195874038
Bank of America,2025-10-15,,That translated into continuous NII improvements and complement our growth in our fee-based businesses this quarter.,1,0.32382254898449964
Bank of America,2025-10-15,,"I also, as usual, will commend you to look at the digital slides in the appendix on Slides 20, 22, and 24.",3,0.09301820728484358
Bank of America,2025-10-15,,They show the continued progression across all the businesses of Applied Technology with lots of discussions going on about technology and AI and know the things we give you the stats.,4,0.5232726532002794
Bank of America,2025-10-15,,"What you'll see in these slides is the customer-facing activities of Erica, for example.",-1,0.0
Bank of America,2025-10-15,,"There are many other applications of AI going on in this company, but this one has been handling successful interactions for years with scale and that application has now been applied across other businesses and even across our employee base.",4,0.45537801129042765
Bank of America,2025-10-15,,"So we're confident in our trajectory of our results, and we are excited about the opportunities ahead.",7,0.09574680061213095
Bank of America,2025-10-15,,We look forward to talking to you at Investor Day in November.,29,1.0
Bank of America,2025-10-15,,I'm going to turn it over to Alastair to walk through the financials in more detail.,39,1.0
Bank of America,2025-10-15,,And I'm going to start with Slide 3 to begin our discussion.,14,0.07590317401692531
Bank of America,2025-10-15,,And I just have 3 things on the income statement that I want to add to Brian's comments.,3,0.26588505960407516
Bank of America,2025-10-15,,"First, we're pleased with the continued demonstration of expense discipline across our businesses.",-1,0.0
Bank of America,2025-10-15,,"So in the third quarter, we delivered 11% year-over-year revenue growth significantly outpacing 5% expense growth and resulting in that strong 6% operating leverage.",10,0.29539740777934104
Bank of America,2025-10-15,,"Of the $28.2 billion in total revenue, an aggregated amount of $11.3 billion came from our sales & trading, investment banking, and asset management fees, 3 of our more highly compensable market-facing areas.",26,1.0
Bank of America,2025-10-15,,"So those areas grew 15% year-over-year in the aggregate, and we're excited to continue our investments given their strategic importance and attractive returns.",-1,0.0
Bank of America,2025-10-15,,"When coupled with investment spending and inflation, this revenue growth helps frame the 5% expense growth even better.",5,0.023934701551960695
Bank of America,2025-10-15,,"Importantly, expense growth versus the second quarter was held under 1%, while those same compensable revenue streams grew 8% sequentially, further reinforcing our ability to scale efficiently and invest where it matters most.",-1,0.0
Bank of America,2025-10-15,,"Second, provision expense improved this quarter with net charge-offs declining 10%, and we had a modest reserve release as a result of both credit card and commercial real estate improvement.",30,0.19978001967123188
Bank of America,2025-10-15,,"The strong asset quality reflects the continued strength of our credit portfolio, years of disciplined risk management and higher growth of the portfolio than other banks with good credit results.",-1,0.0
Bank of America,2025-10-15,,"Lastly, our average diluted share count declined by 24 million shares from the second quarter.",8,0.03733819981982824
Bank of America,2025-10-15,,"And this quarter included the dilution we've highlighted before in our filings, and that comes from our 2008 issued convertible preferred Series L stock.",-1,0.0
Bank of America,2025-10-15,,"On Slide 4, you'll note the various earnings highlights Brian and I have talked about.",3,1.0
Bank of America,2025-10-15,,"I don't have much to add here and would instead spend just a moment on our continued organic growth, which is powering our loan and deposit activity.",-1,0.0
Bank of America,2025-10-15,,"We added new clients, and we deepened relationships with existing clients and across consumer, wealth, commercial and institutional businesses, our teams are winning in the marketplace by putting our clients first.",-1,0.0
Bank of America,2025-10-15,,"As always, we highlight the continued organic growth across each of our businesses driven by client engagement, disciplined execution and strategic investment.",-1,0.0
Bank of America,2025-10-15,,And you can see the results there on Slide 5.,3,0.17208791125919348
Bank of America,2025-10-15,,Consumer Banking continued to show strong momentum.,-1,0.0
Bank of America,2025-10-15,,"We grew another 212,000 net new checking accounts, extending our string of consecutive growth to 27 quarters.",48,1.0
Bank of America,2025-10-15,,This includes the fourth consecutive quarter of increased average noninterest-bearing deposits.,15,1.0
Bank of America,2025-10-15,,And those are important because they are the primary operating account for a relationship and they're quite beneficial as a low-cost funding source.,48,1.0
Bank of America,2025-10-15,,"Additionally, card, home, and auto loan balances grew year-over-year, reflecting healthy consumer demand, and we believe those further cement the relationship beyond just the operating account alone.",6,0.1183995150584052
Bank of America,2025-10-15,,"In small business, we continued our strength of lending growth, and we remain the #1 leading provider of credit to small business in the United States.",6,0.0713387948340002
Bank of America,2025-10-15,,"Global Wealth and Investment Management saw client balances climbed to more than $4.6 trillion driven by strong AUM flows of $84 billion in the past year, strong loan originations, and market appreciation.",-1,0.0
Bank of America,2025-10-15,,Our advisors continue to deliver comprehensive solutions to help clients achieve their financial goals.,28,0.2765205556690813
Bank of America,2025-10-15,,"In Global Banking, we saw a nice pickup in client activity in investment banking, resulting in market share gains, leadership rankings across many products and the highest non-pandemic fee quarter in our firm's history.",-1,0.0
Bank of America,2025-10-15,,Commercial client activity showed a continuation in the demand for loans and cash management needs as treasury service fees increased 12% year-over-year alongside deposit growth of 15%.,-1,0.0
Bank of America,2025-10-15,,Global Markets continued to deliver on their string of year-over-year revenue growth and also continue to grow loans from healthy demand of our clients.,-1,0.0
Bank of America,2025-10-15,,"Let's transfer to a discussion of the balance sheet using Slide 6, where you can see total assets ended the quarter at $3.4 trillion.",-1,0.0
Bank of America,2025-10-15,,That's down $38 billion from the second quarter as good loan growth was offset by lower Global Markets assets and wholesale funding reductions as part of our plan to continue to tighten the balance sheet.,-1,0.0
Bank of America,2025-10-15,,"Importantly, this balance sheet tightening will continue to benefit the net interest yield, NIY.",1,1.0
Bank of America,2025-10-15,,"Deposits ended just over $2 trillion and were up $72 million from the year ago period, with growth in both interest-bearing and noninterest-bearing deposits.",15,0.0972262874976827
Bank of America,2025-10-15,,"Average Global Liquidity Sources of $961 billion remains strong, and shareholders' equity of $304 billion was up $4.6 billion from last quarter, as we issued $2.5 billion of preferred stock.",-1,0.0
Bank of America,2025-10-15,,"Otherwise, a $2 billion increase in tangible common equity to $208 billion included a modest capital build, as net income was slightly more than capital distributions, and we saw some improvement in AOCI.",-1,0.0
Bank of America,2025-10-15,,We returned $7.4 billion of capital back to shareholders with $2.1 billion in common dividends paid and $5.3 billion of shares repurchased.,8,1.0
Bank of America,2025-10-15,,Tangible book value per share of $28.39 in rose 8% from the third quarter of '24.,33,1.0
Bank of America,2025-10-15,,"Looking at regulatory capital, our CET1 level increased modestly to $203 billion, while the risk-weighted assets were relatively flat and that drove our CET1 ratio higher to 11.6%.",12,1.0
Bank of America,2025-10-15,,"This is well above our October 1, 10% regulatory minimum.",-1,0.0
Bank of America,2025-10-15,,"Our Supplemental Leverage Ratio was 5.8% versus a minimum requirement of 5%, which leaves capacity for balance sheet growth, and our $473 billion of Total Loss Absorbing Capital means our TLAC ratio remains comfortably above our requirements.",10,0.5570669594535071
Bank of America,2025-10-15,,"On Slide 7, we show a 10-quarter trend of average deposits to illustrate the extension of consecutive growth across those periods.",15,1.0
Bank of America,2025-10-15,,Average deposits were up $71 billion or 3.7% from the third quarter of '24.,15,0.5176920672053958
Bank of America,2025-10-15,,"Average consumer deposits were up 1% year-over-year, while Global Banking deposits grew 15% compared to a year ago.",15,0.1615339463570632
Bank of America,2025-10-15,,"Our global capabilities, digital solutions and relationship managers continue to win clients in the marketplace.",28,0.44820722549461345
Bank of America,2025-10-15,,"In addition, we remain disciplined on pricing to achieve that growth.",-1,0.0
Bank of America,2025-10-15,,"Overall rate paid on total deposits declined 32 basis points year-over-year, reflecting both lower rates and disciplined actions in our Global Banking and Wealth Management businesses.",25,1.0
Bank of America,2025-10-15,,"Rate paid on the roughly $950 billion of Consumer deposits remained low at 58 basis points in Q3, driven by the operating nature of that account and client base.",25,1.0
Bank of America,2025-10-15,,"Compared to the second quarter, total deposit rate paid rose 2 basis points due to mix shift into interest-bearing, and we expect improvement next quarter driven by repricing after the Fed funds rate cut in late September.",-1,0.0
Bank of America,2025-10-15,,Let's turn to loans by looking at average balances on Slide 8.,6,0.11529907152277435
Bank of America,2025-10-15,,You can see loan balances in Q3 of $1.15 trillion improved 9% year-over-year driven by 13% commercial loan growth.,6,0.09768843088846106
Bank of America,2025-10-15,,"Consumer loans grew at a slower pace and importantly, we're up across every loan type.",6,0.25906815901892477
Bank of America,2025-10-15,,"For the second consecutive quarter, every business segment recorded higher average loans on both a year-over-year basis and on a linked-quarter basis.",6,0.43041602087182246
Bank of America,2025-10-15,,"Focusing on commercial loans in global markets, we continue to take advantage of the strong financing demand in the marketplace from institutional borrowers, where we lend against diverse collateral pools.",49,1.0
Bank of America,2025-10-15,,"Small business is benefiting from our newly combined local market-based coverage model for small business and business banking, and that's creating more capacity for client expansion.",-1,0.0
Bank of America,2025-10-15,,"And lastly, note the 9% improvement in Wealth Management as affluent clients borrowed for investments in assets like sports and arts and businesses.",-1,0.0
Bank of America,2025-10-15,,So all of that balance sheet activity across deposits and loans results in net interest income.,6,0.06498977017927322
Bank of America,2025-10-15,,And let's turn our focus to NII on Slide 9.,14,0.14925897069401137
Bank of America,2025-10-15,,"On a GAAP non-fully taxable equivalent basis, NII in Q3 was $15.2 billion.",1,1.0
Bank of America,2025-10-15,,"On a fully taxable equivalent basis, NII was a little less than $15.4 billion and as I said earlier, that's up 9% from the third quarter of '24.",1,1.0
Bank of America,2025-10-15,,NII grew $1.3 billion year-over-year and $572 million on an FTE basis over the second quarter driven by higher loan and deposit balances and benefits from fixed rate asset repricing.,1,0.47871517601692504
Bank of America,2025-10-15,,"And versus Q2, we also gained an extra day of interest.",-1,0.0
Bank of America,2025-10-15,,"The net interest yield improved 7 basis points from the second quarter, reflecting the growth in NII, while the earning asset balance modestly declined as loan growth replaced lower-yielding securities and Global Markets balances declined modestly.",1,0.7208804521317478
Bank of America,2025-10-15,,"And as I said, we reduced expensive wholesale funding and cash.",-1,0.0
Bank of America,2025-10-15,,"Regarding interest rate sensitivity, on a dynamic deposit basis, we provide a 12-month change in NII for an instantaneous shift in the curve.",1,0.6994796390509812
Bank of America,2025-10-15,,"So again, that means interest rates would have to instantaneously move another 100 basis points lower than the expected cuts that are already contemplated in the curve.",25,0.19941776038335718
Bank of America,2025-10-15,,"So if you think about that, 100 basis points below what the curve implies more simply put, that would mean, for instance, on the short end, the July Fed Funds rate next year will be getting down to 2.25%.",25,0.29661228297832276
Bank of America,2025-10-15,,"So on that basis, a 100-basis point decline would decrease NII over the next 12 months by $2.2 billion.",1,0.2966279356310028
Bank of America,2025-10-15,,"And if rates went up 100 basis points, NII would benefit approximately $1 billion.",1,1.0
Bank of America,2025-10-15,,"With regard to a forward view of NII, let me give you a few thoughts.",1,1.0
Bank of America,2025-10-15,,"In January and again in April, we provided our expectation that we could exit Q4 of 2025 and with NII on a fully taxable equivalent basis on range of $15.5 million to $15.7 billion.",1,0.6198943764166177
Bank of America,2025-10-15,,We also noted our expectation for that growth to accelerate in the second half of 2025.,9,1.0
Bank of America,2025-10-15,,"Despite all the uncertainties we've experienced around tariffs and rates, we've seen good performance against our expectations.",-1,0.0
Bank of America,2025-10-15,,"And even with the third quarter late quarter interest rate cut, and with the curve anticipating 2 more cuts in October and December, we believe fourth quarter NII will be in the higher end of that range of expectations.",1,1.0
Bank of America,2025-10-15,,So think of that as being $15.6 billion plus on a fully taxable equivalent basis.,1,0.48370825683862484
Bank of America,2025-10-15,,And that would represent approximately 8% growth from the fourth quarter of '24.,-1,0.0
Bank of America,2025-10-15,,"Thinking a bit more generally, we just note for the full year of 2026, our expectations about the drivers of growth are largely aligned with 2025 performance.",9,1.0
Bank of America,2025-10-15,,"We expect good core NII performance driven by core loan and deposit growth a little bit above GDP, which will additionally benefit from sizable fixed-rate asset repricing.",1,0.45094669378219676
Bank of America,2025-10-15,,"And in 2026, we expect to see roughly $10 billion to $15 billion in combined quarterly mortgagebacked securities and mortgage loans.",-1,0.0
Bank of America,2025-10-15,,"Those will roll off, and they'll be replaced with new assets at 150 to 200 basis points higher yield.",-1,0.0
Bank of America,2025-10-15,,That should result in full year NII growth somewhat similar to 2025 performance over 2024.,1,1.0
Bank of America,2025-10-15,,So think of that as something like 5% to 7% growth.,-1,0.0
Bank of America,2025-10-15,,"Let's turn to expense, and we'll use Slide 10 for the discussion.",14,0.10836794718835346
Bank of America,2025-10-15,,"First, I just want to highlight the strong operating leverage, which we expect again in Q4.",10,0.10580449176717512
Bank of America,2025-10-15,,We reported $17.3 billion in expense this quarter and that was up modestly compared to the second quarter and up 5% year-over-year.,5,0.032334890005760265
Bank of America,2025-10-15,,"As I noted earlier, the year-over-year increase was primarily driven by incentives tied to growth, especially in our market-facing businesses, as well as ongoing investments across the enterprise.",21,0.23048898590977762
Bank of America,2025-10-15,,"Looking ahead to Q4, we expect expenses to remain roughly in line with Q3.",-1,0.0
Bank of America,2025-10-15,,"As you know, headcount is the key driver of expense from compensation and benefits to occupancy costs and technology.",-1,0.0
Bank of America,2025-10-15,,"And we manage this closely not just in total numbers, but also an organizational structure, ensuring we're striking the right balance of managers and teams.",-1,0.0
Bank of America,2025-10-15,,And the good news is we continue to manage headcount well.,-1,0.0
Bank of America,2025-10-15,,"So looking at the past 3 years, we've been able to lower our headcount from a peak of 217,000 to 213,000 now.",-1,0.0
Bank of America,2025-10-15,,"And more recently, since the third quarter of last year, we're down 500, which includes the addition last quarter of nearly 2,000-plus college grads, and it's this disciplined approach that supports both efficiency and growth.",-1,0.0
Bank of America,2025-10-15,,So let's now move to credit and turn to Slide 11.,14,0.23895733891305695
Bank of America,2025-10-15,,And you can see asset quality remains sound with improvements in several key indicators.,-1,0.0
Bank of America,2025-10-15,,"Net charge-offs were $1.4 billion, down about 10% from the second quarter, with the improvement split pretty evenly between credit card and commercial real estate.",40,0.010377336820945833
Bank of America,2025-10-15,,"The total net charge-off ratio this quarter was 47 basis points, down 8 basis points from Q2.",25,1.0
Bank of America,2025-10-15,,Q3 provision expense was $1.3 billion and mostly matched net chargeoffs.,-1,0.0
Bank of America,2025-10-15,,We had a modest reserve release associated with improved outlooks for both credit card and commercial real estate.,30,1.0
Bank of America,2025-10-15,,"Focusing on total net charge-offs again and looking forward, in the near term, we would not expect much change in total net charge-offs given the steady consumer delinquency trends, stability of C&I and reductions in CRE exposures.",31,0.28990240975635884
Bank of America,2025-10-15,,"On Slide 12, in addition to the improvement in consumer losses, note the reductions in both reservable criticized and nonperforming loan metrics in commercial portfolios.",30,1.0
Bank of America,2025-10-15,,"Nonperforming loans are down 19% from Q2, and reservable criticized exposure in commercial real estate is now down nearly 25% from the third quarter of '24 as we dealt with the more problematic exposures across the year.",-1,0.0
Bank of America,2025-10-15,,"Let's turn to the performance across our lines of business, beginning with Consumer Banking on Slide 13.",-1,0.0
Bank of America,2025-10-15,,"Consumer Banking delivered strong results, generating $11.2 billion in revenue, up 7% year-over-year and $3.4 billion in net income or 28% growth.",-1,0.0
Bank of America,2025-10-15,,"Return on allocated capital rose to 31% -- these results reflect the value of our deposit franchise, underscoring both the breadth of our platform and the success of our organic growth strategy and digital banking capabilities.",33,0.09821322022674661
Bank of America,2025-10-15,,"Innovations such as family banking, our high-value cashback credit cards, and our industry-leading preferred rewards program are delivering differentiated value to clients and value we believe is unmatched elsewhere.",-1,0.0
Bank of America,2025-10-15,,"This client value proposition, combined with disciplined pricing helped drive a 9% year-over-year increase in net interest income.",-1,0.0
Bank of America,2025-10-15,,"Another strong highlight this quarter was expense management, which enabled us to deliver more than 600 basis points of operating leverage.",10,1.0
Bank of America,2025-10-15,,"Continued innovation and the deployment of advanced technology and tools helped us to hold expense growth to just 1% year-over-year, while revenue grew significantly.",-1,0.0
Bank of America,2025-10-15,,"As a result, our efficiency ratio improved, falling below 50% for the quarter.",-1,0.0
Bank of America,2025-10-15,,"We continue to invest in high tech, which drove higher digital engagement, and we continue to invest in high touch.",28,0.5640018057936489
Bank of America,2025-10-15,,"We continued our march into new markets, filled out more of previously expanded markets and supported our brand in those communities.",-1,0.0
Bank of America,2025-10-15,,"As an example, we just opened 4 new financial centers in Idaho over the past 6 months, expanding our presence and complementing our existing Merrill team in the local market to better serve clients in that region.",-1,0.0
Bank of America,2025-10-15,,"Consumer investment balances grew 17% to $580 billion, supported by market appreciation and $19 billion in full year client flows.",-1,0.0
Bank of America,2025-10-15,,"Third quarter average balance per new account of $110,000 is up 6% from last year.",15,0.0807289638483596
Bank of America,2025-10-15,,And the investment platform serves as a great catch basin for first-time investors and for more affluent investors looking to manage some element of their own money.,11,0.642746493005374
Bank of America,2025-10-15,,"As mentioned earlier, consumer net charge-offs improved on a linked-quarter basis following a decline in delinquencies.",30,0.21684989759275666
Bank of America,2025-10-15,,"The largest component of consumer losses is credit card, and our loss rate decreased from 3.82% to 3.46% linked quarter.",31,0.22475648715442872
Bank of America,2025-10-15,,This contributed to an improved risk-adjusted margin on credit card approaching 7.5%.,31,1.0
Bank of America,2025-10-15,,"Finally, as shown on appendix Slide 20, strong digital adoption and Erica engagement continues and customer experience scores remain elevated, reflecting the impact of our ongoing investments in digital capabilities.",28,1.0
Bank of America,2025-10-15,,Turning to Wealth Management on Slide 14.,14,1.0
Bank of America,2025-10-15,,"The business delivered a strong quarter, marked by improved profitability.",37,1.0
Bank of America,2025-10-15,,"Net income grew 19% year-over-year to nearly $1.3 billion, driven by new household growth, strong AUM flows, loan growth, and disciplined expense management that produced meaningful operating leverage and a 26% return on allocated capital.",20,0.048807399007951766
Bank of America,2025-10-15,,"We achieved 300 basis points of operating leverage, which contributed to a 27% pretax margin, an improvement of over 200 basis points.",10,1.0
Bank of America,2025-10-15,,"Together, Merrill and the Private Bank managed $4.6 trillion in client balances and continue to generate organic growth with $84 billion in AUM flows over the past year.",-1,0.0
Bank of America,2025-10-15,,This reflects a healthy mix of new client assets and existing clients putting more capital to work.,-1,0.0
Bank of America,2025-10-15,,"During this past quarter, Merrill and the Private Bank added 5,400 net new relationships with the average size of new relationships continuing to grow across both businesses.",48,1.0
Bank of America,2025-10-15,,"And importantly, we're not just adding relationships, we're deepening the ones we enjoy already.",-1,0.0
Bank of America,2025-10-15,,"And reflecting the strength of our integrated model and our product offering, the percentage of clients with banking products continue to rise, and it's now at 63%.",-1,0.0
Bank of America,2025-10-15,,"In the third quarter, GWIM reported record revenue of $6.3 billion, up 10% year-over-year, led by a 12% increase in asset management fees.",26,0.2685743694921971
Bank of America,2025-10-15,,"Loan growth remained strong, and we saw a notable pickup in custom lending with both volume and loan size increasing, and that drove a 9% year-over-year increase in average loans.",6,1.0
Bank of America,2025-10-15,,"Finally, I'd highlight the continued digital momentum as shown on Slide 22.",-1,0.0
Bank of America,2025-10-15,,"New accounts are increasingly being opened digitally, underscoring the effectiveness of our digital investments and the evolving preferences of our clients.",28,1.0
Bank of America,2025-10-15,,"On Slide 15, you see the results for Global Banking, which benefited from improved investment banking activity, significant deposit growth and solid loan performance.",-1,0.0
Bank of America,2025-10-15,,"In Q3, Global Banking delivered net income of $2.1 billion, up 12% year-over-year, supported by 500 basis points of operating leverage and a 17% return on allocated capital.",-1,0.0
Bank of America,2025-10-15,,"The standout driver of performance was a 43% year-over-year increase in firmwide investment banking fees, which fueled 7% overall revenue growth.",21,1.0
Bank of America,2025-10-15,,Firm-wide investment banking fees rose across the solution set.,21,1.0
Bank of America,2025-10-15,,"Advisory was up 51%, debt underwriting increased 42%, and equity underwriting grew 34%.",-1,0.0
Bank of America,2025-10-15,,"We maintained our #3 position year-to-date, and we also gained market share during the quarter.",-1,0.0
Bank of America,2025-10-15,,"Notably, we participated in several of the industry's largest transactions, a clear testament to the value clients place on our financial advice and solutions.",-1,0.0
Bank of America,2025-10-15,,Noninterest expense grew compared to last year as we continue to invest in the future.,5,0.07854792328385661
Bank of America,2025-10-15,,"And average deposits grew 15% year-overyear, contributing to a 6% increase in global transaction services revenue.",15,0.15698782781279472
Bank of America,2025-10-15,,"And importantly, disciplined pricing, coupled with lower rates led to a 47-basis point decline in rate paid compared to a year ago.",25,1.0
Bank of America,2025-10-15,,Switching to Global Markets on Slide 16.,14,1.0
Bank of America,2025-10-15,,"I'll focus my comments on results, excluding DVA, as we typically do.",-1,0.0
Bank of America,2025-10-15,,"As Brian mentioned, we extended our streak of strong revenue and earnings performance and once again achieved a solid 13% return on allocated capital.",-1,0.0
Bank of America,2025-10-15,,"In the third quarter, Global Markets generated net income of $1.6 billion, up modestly year-over-year and consistent with the prior quarter.",20,0.07207651453830312
Bank of America,2025-10-15,,"Revenue, excluding DVA, grew 10% year-over-year, driven by strong sales and trading performance and the benefit of higher investment banking revenue shared with Global Banking.",-1,0.0
Bank of America,2025-10-15,,"Focusing on Sales & Trading, revenue ex DVA rose 8% year-over-year to $5.3 billion.",-1,0.0
Bank of America,2025-10-15,,"FICC revenue grew 5%, driven by improved performance in credit products.",2,0.12914421029991197
Bank of America,2025-10-15,,"Equities trading led the improvement with 14% revenue growth, supported by increased financing activity in Asia.",-1,0.0
Bank of America,2025-10-15,,"Expense growth year-over-year reflects both the revenue increase and higher trading- related costs in certain Asian markets, and those costs are passed through to clients and therefore, appear in both the revenue line and the expense line.",-1,0.0
Bank of America,2025-10-15,,"As noted earlier, we continue to benefit from lending opportunities tied to highly collateralized pools of high-quality assets and clients value our expertise and the liquidity we provide in delivering these solutions.",49,1.0
Bank of America,2025-10-15,,"On Slide 17, All Other shows a loss of $6 million in the third quarter with very little to talk about here.",-1,0.0
Bank of America,2025-10-15,,Our third quarter effective tax rate was 10.4%.,44,1.0
Bank of America,2025-10-15,,"And excluding the tax credits related to investments in renewable energy and affordable housing and a small number -- a small amount of discrete items, the effective tax rate would have been much closer to a normal corporate tax rate at approximately 23%.",44,1.0
Bank of America,2025-10-15,,"And with that, we'll jump into the Q&A.",-1,0.0
Bank of America,2026-01-14,,Thank you for joining us to review our fourth quarter results.,-1,0.0
Bank of America,2026-01-14,,"During the quarter, we elected to change the accounting method related to our tax-related equity investments in order to better align our financial statement presentation with the economic and financial impact of those investments.",-1,0.0
Bank of America,2026-01-14,,"As a result, we filed an 8-K on January 6 and a related mini supplemental package recasting the numbers for the quarters of 2024 and 2025 and the full year of '23 and '24.",9,1.0
Bank of America,2026-01-14,,"The primary impact of the accounting change was a reclassification between the income statement line items in our income statement, which had an insignificant impact on net income.",-1,0.0
Bank of America,2026-01-14,,Our discussion today is based on those recast numbers.,-1,0.0
Bank of America,2026-01-14,,"As usual, our earnings release documents are available on the Investor Relations section of the bankofamerica.com website.",3,1.0
Bank of America,2026-01-14,,Those documents include the earnings presentation that we will make reference to during the call.,3,1.0
Bank of America,2026-01-14,,"Brian Moynihan will make some brief comments before turning the call over to Alastair Borthwick, our CFO, to discuss more of the details in the quarter.",39,1.0
Bank of America,2026-01-14,,Let me remind you that we may make forward-looking statements and refer to non-GAAP financial measures during the call.,3,0.2476539279728926
Bank of America,2026-01-14,,Forward-looking statements are based on management's current expectations and assumptions that are subject to risks and uncertainties.,-1,0.0
Bank of America,2026-01-14,,Factors that may cause our actual results to materially differ from expectations are detailed in our earnings materials and SEC filings available on our website.,3,0.2568730283509695
Bank of America,2026-01-14,,"Information about non-GAAP financial measures, including reconciliations to U.S.",3,0.2256555008611575
Bank of America,2026-01-14,,"GAAP, can also be found in our earnings materials and are available on our website.",3,0.20866483667646116
Bank of America,2026-01-14,,"With that, Brian, I'll pass it over to you.",32,0.6414245040377834
Bank of America,2026-01-14,,"Thank you, Lee, and good morning, and thank you for joining us.",38,0.4269313695039243
Bank of America,2026-01-14,,"This morning, Bank of America reported net income of $7.6 billion for the fourth quarter.",20,1.0
Bank of America,2026-01-14,,That is up 12% from the fourth quarter of 2024.,44,0.02548859130496204
Bank of America,2026-01-14,,Our EPS was $0.98 per share.,47,1.0
Bank of America,2026-01-14,,That's an increase of 18% from the fourth quarter of '24.,-1,0.0
Bank of America,2026-01-14,,We delivered 7% year-over-year revenue growth.,-1,0.0
Bank of America,2026-01-14,,"This was led by a 10% improvement in net interest income, up to $15.9 billion on an FTE basis.",-1,0.0
Bank of America,2026-01-14,,"For net interest income, we have delivered each quarter what we laid out across the year and finished a bit stronger than we expected.",-1,0.0
Bank of America,2026-01-14,,We grew average loans 8%.,6,0.27181620983565136
Bank of America,2026-01-14,,We grew average deposits 3%.,15,1.0
Bank of America,2026-01-14,,We delivered 330 basis points of operating leverage in quarter 4 through continuing disciplined expense management.,10,0.4963583647670639
Bank of America,2026-01-14,,Alastair Borthwick will take you through the details of the quarter.,39,1.0
Bank of America,2026-01-14,,"But first, I want to highlight a few things about 2025 to close the year out.",9,1.0
Bank of America,2026-01-14,,I'm working off of Slide 2 in the earnings presentation.,3,0.27483884172105016
Bank of America,2026-01-14,,Our fourth quarter topped off a strong performance by my teammates at Bank of America for 2025.,37,0.10243877371729754
Bank of America,2026-01-14,,"We delivered on our commitments to shareholders across the year with solid growth across revenue, earnings, and returns.",-1,0.0
Bank of America,2026-01-14,,"We drove operating leverage and continued robust investments in people, brand, and technology in both our physical and digital networks.",10,1.0
Bank of America,2026-01-14,,Those results reflect the power of our diversified business model and our commitment to drive responsible growth.,-1,0.0
Bank of America,2026-01-14,,"Some highlights of 2025: you can see here, revenue was a little over $113 billion and was up 7% year-over-year.",-1,0.0
Bank of America,2026-01-14,,We generated 250 basis points of operating leverage for the year.,10,0.6174369937000688
Bank of America,2026-01-14,,"Asset quality was strong, and net charge-offs improved from 2024.",-1,0.0
Bank of America,2026-01-14,,We grew net income year-over-year by 13%.,-1,0.0
Bank of America,2026-01-14,,"In addition, we grew EPS year-over-year to $3.81 or by 19%.",47,1.0
Bank of America,2026-01-14,,We also increased our profitability and returns during the year.,-1,0.0
Bank of America,2026-01-14,,Return on tangible common equity improved 128 basis points.,33,1.0
Bank of America,2026-01-14,,Our return on assets improved to 89 basis points.,33,1.0
Bank of America,2026-01-14,,"Our results and prudent balance sheet management allowed us to distribute 41% more capital back to shareholders, more than $30 billion.",8,0.1910045071377941
Bank of America,2026-01-14,,"We grew loans 8%, and we grew deposits 3%.",6,0.18467562885560118
Bank of America,2026-01-14,,"Loans outpaced the industry, and average deposits now have grown for the tenth consecutive quarter.",6,0.18866617736229807
Bank of America,2026-01-14,,"Our focus on all the markets we serve, whether they're domestic or international, has allowed us to grow our client balances at a faster pace than the industry.",-1,0.0
Bank of America,2026-01-14,,Dean described how we do this in the U.S.,7,0.207115356119963
Bank of America,2026-01-14,,"at our Investor Day, and we will cover it later in the program.",29,1.0
Bank of America,2026-01-14,,"As you look to Slide 3, we've also highlighted some organic growth highlights for the year and the quarter.",-1,0.0
Bank of America,2026-01-14,,"We grew net new consumer checking accounts by 680,000 during the year.",48,1.0
Bank of America,2026-01-14,,"And that's while maintaining a strong average balance of $9,000 plus.",6,0.05653272282220218
Bank of America,2026-01-14,,"This extended our consecutive quarterly net growth to 28, or 7 years straight.",-1,0.0
Bank of America,2026-01-14,,"We crossed over $6.5 trillion in client balances of investments, deposits, and loans across Wealth and Consumer Banking.",-1,0.0
Bank of America,2026-01-14,,Our consumer investment totals reached $600 billion.,-1,0.0
Bank of America,2026-01-14,,"Similarly, our Workplace Benefits totals (i.e., 401(k) balances and related balances) crossed over $600 billion also.",-1,0.0
Bank of America,2026-01-14,,It's worth noting that $28 billion of our year-over-year loan growth came through our wealth management clients.,-1,0.0
Bank of America,2026-01-14,,"Global Wealth & Investment Management showed improved nominal profit growth, stronger pretax margin improvement and continued to draw net new assets when combined consumer of $100 billion during the year.",-1,0.0
Bank of America,2026-01-14,,"In Global Banking, average deposits increased $71 billion, up 13%.",15,0.28420834712879933
Bank of America,2026-01-14,,"We saw treasury service fees increased 13% over '24, and ending loans grew across each line of business year-over-year, good core customer organic growth driving that.",6,0.3276026856227408
Bank of America,2026-01-14,,Investment banking saw good activity.,-1,0.0
Bank of America,2026-01-14,,"For the full year, our investment banking fees were the highest they've been since going back to 2020, outside the pandemic period recovery.",21,1.0
Bank of America,2026-01-14,,They were 7% higher than the prior year.,2,0.09806234120382538
Bank of America,2026-01-14,,Fees generated in the second half of 2025 were 25% greater than the first half.,35,1.0
Bank of America,2026-01-14,,It showed good momentum by our team.,-1,0.0
Bank of America,2026-01-14,,"It also showed that our corporate commercial clients settled in during the year after tax policy being clear, tariffs became more understood, and they look forward and receive the benefits of deregulation.",-1,0.0
Bank of America,2026-01-14,,Global Markets under Jimmy's leadership saw continued growth in sales and trading with its 15th consecutive quarter of improvement and drove a record year of nearly $21 billion in sales and trading revenue.,-1,0.0
Bank of America,2026-01-14,,"In addition to these stats, I commend you to review Slides 21, 23, and 25.",3,0.1391592775810239
Bank of America,2026-01-14,,Those highlight the continued progress of digital deployment and activation statistics for each of our businesses.,28,0.5847978524834223
Bank of America,2026-01-14,,"You should note there the impact of Zelle and the continued usage growth and also note the impact of Erica, our AI agent, and its use both across our businesses and with our teammates.",4,1.0
Bank of America,2026-01-14,,A couple of high-level comments on what we see in the economy.,22,1.0
Bank of America,2026-01-14,,It was a pretty good decent environment as we move through year 2025.,22,0.11752738433165427
Bank of America,2026-01-14,,Consumer spending grew 5% -- at $4.5 trillion -- grew 5% over the 2024 levels.,-1,0.0
Bank of America,2026-01-14,,"Account balances in the consumer business, that broad base of the U.S.",48,1.0
Bank of America,2026-01-14,,"consumer, were stable through the year.",-1,0.0
Bank of America,2026-01-14,,Delinquencies and charge-offs improved in 2025 consumer credit.,31,1.0
Bank of America,2026-01-14,,"Unemployment in the market remains stable, and the equity market appreciation benefit those consumers or investors in our Merrill Edge products or in our 401(k) platforms.",-1,0.0
Bank of America,2026-01-14,,This strong consumer health bodes well for the continued improvement in growth in 2026.,-1,0.0
Bank of America,2026-01-14,,"When you go to our corporate commercial customers, again, as the tax law settled in, the tariffs appear to be manageable, and deregulation kicked in.",-1,0.0
Bank of America,2026-01-14,,"They had a pretty good year in good profits, including good credit quality and good money movement activity as we move through the year as they participate in the world economy.",-1,0.0
Bank of America,2026-01-14,,A world-class research team has the global growth rate for GDP at 3.4% in 2026 and U.S.,9,1.0
Bank of America,2026-01-14,,Risks remain out there.,-1,0.0
Bank of America,2026-01-14,,"They always do, but we're encouraged and constructive on the year ahead.",-1,0.0
Bank of America,2026-01-14,,So I'll turn it over to Alastair to cover the quarter.,39,1.0
Bank of America,2026-01-14,,I'll start using Slide 4.,14,0.09418484820515197
Bank of America,2026-01-14,,"And as Brian noted, the fourth quarter was a strong quarter for us with 7% year-over-year revenue growth and good operating leverage producing $7.6 billion in net income or $0.98 in earnings per share.",-1,0.0
Bank of America,2026-01-14,,Our EPS grew 18% compared to the fourth quarter of '24.,-1,0.0
Bank of America,2026-01-14,,"Net interest income of $15.9 billion on a fully taxable equivalent basis was strong and a little better than expected, and we saw good momentum from market-based fees that complemented the NII growth.",1,1.0
Bank of America,2026-01-14,,"Of the $28.4 billion in total revenue, $10.4 billion came from sales & trading, investment banking, and asset management fees.",26,1.0
Bank of America,2026-01-14,,And those are 3 of the more highly compensable market-facing areas.,-1,0.0
Bank of America,2026-01-14,,It's these areas that grew revenue 10% year-over-year in the aggregate.,-1,0.0
Bank of America,2026-01-14,,"On expense, the teams have shown good discipline across the businesses, as we held headcount flat across the year despite the volume growth of clients and activity.",-1,0.0
Bank of America,2026-01-14,,Most of the year-over-year expense growth was a result of revenue-related growth in markets and wealth-based activities I just described and our continued investments in the franchise.,-1,0.0
Bank of America,2026-01-14,,"We saw productivity improvements through AI and digitalization more generally, and those enabled us to add client-facing associates as we eliminated work and roles in our operational support areas.",4,0.2030705042729396
Bank of America,2026-01-14,,"This year, we brought another 2,000 college graduates into the company, and we remain an employer of choice, with progressive benefit programs for our employees.",-1,0.0
Bank of America,2026-01-14,,"And even with those additions, we managed to hold our headcount flat for the year through good management.",-1,0.0
Bank of America,2026-01-14,,Provision and net charge-offs declined year-over-year.,-1,0.0
Bank of America,2026-01-14,,"That's for a second straight quarter, driven by continued stabilization around credit card and lower losses in commercial real estate.",30,1.0
Bank of America,2026-01-14,,The net charge-off ratio fell to 44 basis points and is down 10 basis points year-over-year.,25,1.0
Bank of America,2026-01-14,,"And lastly, we reduced our average diluted share count by about 300 million shares or 4% from the fourth quarter of '24.",-1,0.0
Bank of America,2026-01-14,,Slide 5 highlights the various earnings points that Brian and I have covered to this point.,3,1.0
Bank of America,2026-01-14,,"So, let's transfer to a discussion of the balance sheet using Slide 6 where you see total assets ended the quarter at $3.4 trillion, little changed from Q3 as securities and cash reductions were replaced with loan growth.",-1,0.0
Bank of America,2026-01-14,,"Deposits grew $17 billion from Q3, and we use those deposits to continue to reduce wholesale funding as part of the plan we've discussed previously to intentionally lower balances and drive a more efficient balance sheet.",-1,0.0
Bank of America,2026-01-14,,Average global liquidity sources of $975 billion remain very strong.,-1,0.0
Bank of America,2026-01-14,,Shareholders' equity of $303 billion was up less than $1 billion as earnings and a modest increase in OCI was mostly offset by capital return to shareholders.,-1,0.0
Bank of America,2026-01-14,,"In the quarter, we returned $8.4 billion of capital back to shareholders with $2.1 billion in common dividends paid and $6.3 billion of shares repurchased, $1 billion increase in share repurchase from Q3 reflects increased earnings over the past 6 months and some reduction in excess capital.",8,0.5728702450242114
Bank of America,2026-01-14,,Tangible book value per share of $28.73 rose 9% from the fourth quarter of '24.,33,1.0
Bank of America,2026-01-14,,"Turning to regulatory capital, our CET1 level decreased modestly to $201 billion, driven by a $2.1 billion capital reduction from making the tax equity investment accounting change period, and we were not required to restate prior period regulatory capital.",12,0.569483970220033
Bank of America,2026-01-14,,That capital reduction reflects the timing of equity and profitability in those investment deals and comes back into our capital over the next several years as those deals wind down.,-1,0.0
Bank of America,2026-01-14,,"That accounted for roughly 12 basis points of CET1 reduction in the quarter, again, that we'll get back over time.",12,0.12468691076718484
Bank of America,2026-01-14,,"Risk-weighted assets rose $22 billion from Q3, driven by loan growth.",-1,0.0
Bank of America,2026-01-14,,"Our CET1 ratio then declined from 11.6% to 11.4%, and it remains well above our 10% regulatory required minimum.",12,1.0
Bank of America,2026-01-14,,Our supplemental leverage ratio was 5.7% versus a minimum requirement of 5.0% as of December 31 and 3.75% under the new rule which we are adopting starting in 2026.,10,0.8905900409760601
Bank of America,2026-01-14,,This leaves ample capacity for balance sheet growth and our $467 billion of TLAC means our TLAC ratio remained comfortably above our requirements.,-1,0.0
Bank of America,2026-01-14,,"On Slide 7, we show a trend of average deposits and the consecutive growth across those periods.",15,1.0
Bank of America,2026-01-14,,"Average deposits were up nearly 3% from the fourth quarter of '24, driven largely by commercial client activity.",15,1.0
Bank of America,2026-01-14,,Global Banking grew average deposit $74 billion or 13% compared to fourth quarter '24.,15,0.1476850681423644
Bank of America,2026-01-14,,"Our global capabilities, innovative solutions, and our relationship managers continue to offer clients value and access to our award-winning digital platform in CashPro.",28,1.0
Bank of America,2026-01-14,,"Consumer Banking reported its third consecutive quarter of year-over-year growth, and low- and no-interest checking was up $9 billion or 2%.",-1,0.0
Bank of America,2026-01-14,,"Importantly, ending deposits improved sequentially in every segment.",15,1.0
Bank of America,2026-01-14,,Team also showed continued discipline on pricing while achieving that growth.,-1,0.0
Bank of America,2026-01-14,,"Overall rate paid on total deposits of 163 basis points declined 15 basis points from Q3, reflecting lower rates and disciplined actions in our Global Banking and Wealth Management businesses.",25,1.0
Bank of America,2026-01-14,,Global Banking and Wealth Management rate paid both declined 28 basis points from Q3.,25,0.6176812917226209
Bank of America,2026-01-14,,"The rate paid on the roughly $945 billion of consumer deposits fell 3 basis points to 55 basis points in Q4 and remains low, driven by the operating nature of that account base and that client base.",25,1.0
Bank of America,2026-01-14,,Let's turn to loans by looking at average balances on Slide 8.,6,0.11608558475755534
Bank of America,2026-01-14,,"Loans in Q4 of $1.17 trillion improved $90 billion or 8% year-over-year, driven by 12% commercial loan growth.",6,0.1444093916967053
Bank of America,2026-01-14,,"Consumer loans grew at a slower 4% year-over-year pace, and importantly, we're up across every loan category of card, mortgage, auto, and home equity.",6,0.2901262198964543
Bank of America,2026-01-14,,"For the fifth quarter in a row, every business segment recorded higher average loans on a year-over-year basis.",6,1.0
Bank of America,2026-01-14,,"While commercial loan growth has been driven by our Global Markets group, we've also seen year-over-year growth of 3% in Global Banking and strong custom lending growth of $18 billion yearover-year in Wealth Management, as affluent clients borrowed for investments in assets like hospitality, sports, yachts, arts, and business.",6,0.11523784506076551
Bank of America,2026-01-14,,"In addition, small business saw its 12th straight quarter of year-over-year lending growth.",6,0.13090836682364454
Bank of America,2026-01-14,,"Let's turn our focus to NII on Slide 9, where on a GAAP non-FTE basis, NII in Q4 was $15.8 billion.",1,0.5785639025405922
Bank of America,2026-01-14,,"And on a fully taxable equivalent basis, NII was $15.9 billion.",1,1.0
Bank of America,2026-01-14,,"And as I said earlier, that's up 10% from the fourth quarter of '24.",-1,0.0
Bank of America,2026-01-14,,"On a fully taxable equivalent basis, NII grew $1.4 billion year-over-year, and $528 million over the third quarter.",1,1.0
Bank of America,2026-01-14,,"Our growth was driven by several factors: first, we saw good core NII performance from loan and deposit growth and disciplined pricing.",1,0.6204356318552469
Bank of America,2026-01-14,,"Second, we benefited from asset repricing as higher- yielding loan growth replaced loan and security maturities and paydowns.",6,0.07146307760653037
Bank of America,2026-01-14,,"Third, client activity in Global Markets drove more of the sales and trading growth through NII than fees this quarter compared to Q3.",1,0.3991600916932222
Bank of America,2026-01-14,,That was about $100 million more of a shift in global markets activity to NII from MMSA than we had originally anticipated.,1,1.0
Bank of America,2026-01-14,,"And lastly, we had a small benefit from an average Fed fund rate, which primarily impacts our liabilities dropping more than the way average SOFR rates behaved on variable rate assets, so we had a slight benefit there.",-1,0.0
Bank of America,2026-01-14,,"Our net interest yield, NIY, improved 7 basis points from the third quarter to 208 basis points, reflecting the growth in NII, while the earning balance remains stable as higher-yielding loan balances replaced loweryielding securities.",1,0.759058076904149
Bank of America,2026-01-14,,"And as I said earlier, higher deposits allowed us to reduce wholesale funding while cash balances declined.",-1,0.0
Bank of America,2026-01-14,,"Regarding interest rate sensitivity, on a dynamic deposit basis, we provide a 12-month change in NII for an instantaneous shift in the curve.",1,1.0
Bank of America,2026-01-14,,That means interest rates would have to move instantaneously lower by another 100 basis points more than the 2 expected cuts contemplated in the curve.,25,0.21082922047400945
Bank of America,2026-01-14,,"On that basis, a 100 basis point decline would decrease NII growth over the next 12 months by $2 billion.",1,0.29129677987116137
Bank of America,2026-01-14,,"And if rates went up 100 basis points, NII growth would benefit additionally by approximately $700 million.",1,0.6135661700346933
Bank of America,2026-01-14,,"With regard to a forward view of NII, let me give you a few thoughts.",1,1.0
Bank of America,2026-01-14,,"At Investor Day in November, we indicated our expectation that we would see 5% to 7% growth in net interest income in 2026 compared to 2025, and that's still our belief today based on the latest interest rate curve, which includes 2 rate cuts in 2026.",-1,0.0
Bank of America,2026-01-14,,"To reiterate our expectation from Investor Day, we expect good core NII performance from loan and deposit growth that will additionally benefit from sizable fixed asset repricing and cash flow swap repricing to drive the 5% to 7% NII improvement.",1,0.46125437868463504
Bank of America,2026-01-14,,"During 2026, we expect roughly $12 billion to $15 billion in combined mortgage-backed securities and mortgage loans to roll off quarterly, and those will be replaced with new assets at 150 to 200 basis points higher in yield or they'll allow us to pay down expensive shortterm debt.",-1,0.0
Bank of America,2026-01-14,,"For Q1 NII expectations, I would use Q4 as a base after excluding about $100 million or so for the shift in Global Markets client activity that I referenced, that is likely to be offset in MMSA.",1,0.6441779559523593
Bank of America,2026-01-14,,So simply a change in geography that's revenue neutral.,-1,0.0
Bank of America,2026-01-14,,I'd also note we have 2 less days of interest in Q1 than Q4.,-1,0.0
Bank of America,2026-01-14,,"And of course, we had a 25 basis point rate cut in December.",25,1.0
Bank of America,2026-01-14,,"Still we expect Q1 NII will grow roughly 7% from Q1 '25 based on the assumptions on Slide 18, in line with our full year guidance.",1,0.38310846335909887
Bank of America,2026-01-14,,"Let's turn to expense, and we'll use Slide 10 for our discussion.",14,0.08296193906339691
Bank of America,2026-01-14,,"This quarter, we reported $17.4 billion in expense, up a little less than 4% year-over-year.",-1,0.0
Bank of America,2026-01-14,,"When combined with our 7% revenue growth, this good expense management allowed us to generate more than 300 basis points of operating leverage, and that aligns to our target for the medium-term operating leverage range that we gave at Investor Day.",10,1.0
Bank of America,2026-01-14,,"The increase in expense was mainly driven by incentives tied to revenue growth and higher brokerage, clearing, and exchange costs, or BC&E, costs from trading activity.",5,0.207041548668824
Bank of America,2026-01-14,,Those BC&E costs reflect client activity shifting toward higher growth and higher transaction cost overseas markets.,-1,0.0
Bank of America,2026-01-14,,"Now these costs are the ones that are generally reimbursed by the client, so they're included in our revenue essentially offset one another.",5,0.08798711683643999
Bank of America,2026-01-14,,"If we isolate change in expense for the incentives tied to Wealth Management – and remember, that reflects a 13% year-over-year improvement in asset management fees – and we isolate the BC&E costs that supported a 10% increase in sales and trading revenue, then combined, they represented roughly 2% of our expense growth for the year and they came with good revenue.",5,0.04553848458581681
Bank of America,2026-01-14,,"Beyond that, productivity improvements from AI and digitalization continued to help offset higher wages, benefits, and technology investments.",4,0.17225532698907073
Bank of America,2026-01-14,,"Headcount remains our key driver of expense, from compensation and benefits to real estate and technology.",-1,0.0
Bank of America,2026-01-14,,"And we manage this closely, not only in total numbers, but also an organizational structure aiming to strike the right balance of managers and teammates.",-1,0.0
Bank of America,2026-01-14,,"Since the end of 2023, we've operated within a tight range of 213,000 employees.",42,1.0
Bank of America,2026-01-14,,"This year, we hired about 17,000 new teammates just to replace departures from what was a very low attrition rate.",42,0.5362264054348329
Bank of America,2026-01-14,,"And every time someone leaves, we take the opportunity to evaluate whether the role needs to be replaced.",7,0.05097261106486196
Bank of America,2026-01-14,,Compared to the third quarter.,-1,0.0
Bank of America,2026-01-14,,"Noninterest expense was up about $100 million, driven by technology investments and wealth management revenue-related costs.",5,0.05817980976501313
Bank of America,2026-01-14,,That was partially offset by a $200 million net benefit from the combined impact of the reduction of the FDIC special assessment accrual and some other settlements that modestly increased litigation expense.,5,0.04529301353065366
Bank of America,2026-01-14,,"Looking ahead, our focus remains on delivering operating leverage for shareholders.",10,0.0631818384189917
Bank of America,2026-01-14,,We expect to generate about 200 basis points of operating leverage in 2026.,10,0.21172730941619572
Bank of America,2026-01-14,,Those expectations include a constructive fee environment that complements our expected NII growth.,1,0.3778271162545842
Bank of America,2026-01-14,,"We've seen encouraging momentum in asset management fees, investment banking, and sales & trading, and we look for that to continue.",-1,0.0
Bank of America,2026-01-14,,"And importantly, if revenue comes in below our expectations, then obviously, revenue-related expense will be lower.",-1,0.0
Bank of America,2026-01-14,,"As for Q1, we typically see seasonal strength in sales and trading activity and elevated payroll tax expense.",35,1.0
Bank of America,2026-01-14,,"Combined with the absence of the FDIC benefit we saw in the fourth quarter and combined with ongoing productivity improvements, we expect Q1 expenses to be about 4% higher than Q1 of 2025.",35,1.0
Bank of America,2026-01-14,,"And even with that, we still expect to deliver operating leverage.",10,0.08066525050383047
Bank of America,2026-01-14,,Let's now move to credit and turn to Slide 11.,14,0.207388691850097
Bank of America,2026-01-14,,And where you can see asset quality remains sound with small improvements in several key indicators.,-1,0.0
Bank of America,2026-01-14,,It's not a great deal to cover here.,5,0.03387624437627812
Bank of America,2026-01-14,,"Our net charge-offs were $1.3 billion, down about $80 million from the third quarter and driven by lower losses in commercial real estate.",40,0.02282560896064284
Bank of America,2026-01-14,,"Total net charge-off ratio this quarter was 44 basis points, down 3 basis points from the third quarter and down 10 basis points from Q4 '24.",25,1.0
Bank of America,2026-01-14,,Provision expense in the quarter was $1.3 billion and mostly matched net charge-offs.,5,0.029309008156392164
Bank of America,2026-01-14,,"Focusing on total net charge-offs looking forward in the near term, we expect continued stability in total net charge-offs, given the mostly benign consumer delinquency trends and low unemployment data, the continued stability of C&I and reductions in our commercial real estate exposures.",-1,0.0
Bank of America,2026-01-14,,"On Slide 12, in addition to the consumer delinquency statistics, note the modest changes in other stats for both our consumer and commercial portfolios.",31,0.347359288016263
Bank of America,2026-01-14,,"Let's now turn to the performance across our lines of business, beginning with Consumer Banking on Slide 13.",-1,0.0
Bank of America,2026-01-14,,Our Consumer Bank had a strong year.,-1,0.0
Bank of America,2026-01-14,,"And for the full year, the team generated $44 billion in revenue and delivered $12 billion in net income.",-1,0.0
Bank of America,2026-01-14,,"Net income grew 14% from 2024, and we earned a 28% return on allocated capital.",33,0.07843868015612981
Bank of America,2026-01-14,,"In Q4, Consumer Banking delivered strong results, generating $11.2 billion in revenue, up 5% versus the fourth quarter of last year and $3.3 billion in net income up 17%.",-1,0.0
Bank of America,2026-01-14,,"So, a really strong finish to the year.",37,1.0
Bank of America,2026-01-14,,These results reflect the value of our deposit franchise and underscore both the breadth of our platform and the success of our organic growth strategy and digital banking capabilities.,-1,0.0
Bank of America,2026-01-14,,"Our focus on client experience and investments in both physical and digital capabilities, combined with more investment in product innovation and rewards drove the strong results.",28,0.4838024167538009
Bank of America,2026-01-14,,"Business was also managed well for shareholders, as we grew expense less than 2%, allowing us to improve our efficiency ratio to 51% and deliver nearly 350 basis points of operating leverage.",10,1.0
Bank of America,2026-01-14,,"This 2% expense growth reflects our continued investments in our brand, highlighted by our minimum wage increase to $25 earlier this year and incentives for more production.",5,0.08251219814753137
Bank of America,2026-01-14,,Digitalization and early utilization of AI helped offset some of the investments.,4,1.0
Bank of America,2026-01-14,,"Consumer investment balances grew $81 billion from Q4 '24 to nearly $600 million, supported by $19 billion in full year client flows and market appreciation.",-1,0.0
Bank of America,2026-01-14,,"Average balance per investment account at $147,000 is up 12% from last year.",15,0.07066814552259897
Bank of America,2026-01-14,,And this investment platform serves as a great catch basin for first-time investors and for more experienced investors looking to manage some element of their own money.,11,1.0
Bank of America,2026-01-14,,"As mentioned, consumer net charge-offs improved again on a year-over-year basis, and we continue to see stability in asset quality metrics.",-1,0.0
Bank of America,2026-01-14,,Credit card net charge ratio of 3.4% improved nearly 40 basis points from Q4 and improved linked quarter.,25,1.0
Bank of America,2026-01-14,,"Finally, as shown in the appendix, this is Slide 21.",3,0.06879278567917094
Bank of America,2026-01-14,,"You can see strong digital adoption and the engagement that all continued, and the customer experience scores remain strong, reflecting the impact of our ongoing investments in digital.",28,1.0
Bank of America,2026-01-14,,Turning to Wealth Management on Slide 14.,14,1.0
Bank of America,2026-01-14,,"And you can see this is a business that has strong momentum right now, and we've improved growth as we work towards the medium-term targets laid out at Investor Day.",-1,0.0
Bank of America,2026-01-14,,"For the full year, revenue of $25 billion grew 9% compared to 2024, and net income grew 10% to nearly $4.7 billion.",20,0.06959529677226362
Bank of America,2026-01-14,,"Over the past 3 quarters, net income has gone from $1.0 billion in Q2 to nearly $1.3 billion in Q3 and to $1.4 billion in Q4.",20,0.07986601013692403
Bank of America,2026-01-14,,"Return on allocated capital went from 20% in Q2, up to 28% in Q4.",33,1.0
Bank of America,2026-01-14,,And the pretax margin has climbed back into the high 20% range as we ended the year.,10,0.014756648129137627
Bank of America,2026-01-14,,"Underneath all that, client balances grew $500 billion across the year to $4.8 trillion and that included strong ending loan growth of nearly $30 billion or 13%.",-1,0.0
Bank of America,2026-01-14,,"Within that, AUM flows were $82 billion and total flows of 80 -- sorry, $96 billion.",-1,0.0
Bank of America,2026-01-14,,"And coupled with the flows of consumer investments, we saw $115 billion of well flows for the firm this year.",-1,0.0
Bank of America,2026-01-14,,"And for the year, Merrill and the Private Bank added 21,000 net new relationships with the average size of new relationships continuing to grow across both businesses.",48,1.0
Bank of America,2026-01-14,,"Importantly, we're not just growing relationships, we're deepening them as we added 114,000 new bank accounts this year.",48,1.0
Bank of America,2026-01-14,,"And finally, I'd highlight the continued digital momentum as shown on Slide 23, where new accounts have increasingly opened digitally, underscoring the effectiveness of our digital investments and the evolving preferences of our clients.",28,1.0
Bank of America,2026-01-14,,"On Slide 15, you see the results for Global Banking.",14,0.1271609904591769
Bank of America,2026-01-14,,The team had a good year and generated $7.8 billion in earnings and that represented about 25% of the company's overall net income.,20,0.1342276210965489
Bank of America,2026-01-14,,Year-over-year earnings were down a modest 2% as a result of interest rate cuts impacting NII from the variable rate assets in the business.,1,0.6040021925348873
Bank of America,2026-01-14,,The team grew average deposits $71 billion or 13% and grew loans $12 billion.,-1,0.0
Bank of America,2026-01-14,,"This included the addition of roughly 500 new clients in middle market banking, and more than 1,000 in business banking that chose Bank of America as their financial services provider in 2025.",-1,0.0
Bank of America,2026-01-14,,"For the fourth quarter, Global Banking delivered net income of $2.1 billion down 3% year-over-year with a 6% improvement in fees overcoming the NII pressure.",-1,0.0
Bank of America,2026-01-14,,"Business remains very efficient with a 50% efficiency ratio, and we earned 16% return on allocated capital in Q4.",-1,0.0
Bank of America,2026-01-14,,"We generated $1.67 billion in investment banking fees, up modestly over Q4 '24.",21,0.6861267222394806
Bank of America,2026-01-14,,And we maintained our #3 position for the full year.,-1,0.0
Bank of America,2026-01-14,,"And as Brian and I said earlier, investment banking fees showed good momentum, given all the regulatory and tariff announcements around the globe, uncertainty settling in, and our pipeline remains strong.",-1,0.0
Bank of America,2026-01-14,,Noninterest expense grew 6% compared to last year as we position the firm for the future with continued investments in technology and bankers.,5,0.10237921353769765
Bank of America,2026-01-14,,Switching to Global Markets on Slide 16.,14,1.0
Bank of America,2026-01-14,,I'll focus my comments on results that exclude DVA as we typically do.,-1,0.0
Bank of America,2026-01-14,,"The Global Markets team produced a record year of record -- sorry, a record year of revenue, improved earnings and solid returns.",-1,0.0
Bank of America,2026-01-14,,"We generated $24 billion in revenue for the year, and that exceeded last year's revenue by 10%.",26,0.45030926902153107
Bank of America,2026-01-14,,"Earnings of $6.1 billion for the year were up 8%, and the business generated a 13% return on allocated capital.",-1,0.0
Bank of America,2026-01-14,,It's worth noting this is the 12th consecutive quarter of year-over-year net income growth.,-1,0.0
Bank of America,2026-01-14,,"Q4 Global Markets generated net income just shy of $1 billion, up 5% from Q4 '24.",20,0.05844348692388979
Bank of America,2026-01-14,,"Revenue, excluding DVA, grew 10% year-over-year driven by strong sales and trading performance.",-1,0.0
Bank of America,2026-01-14,,"And focusing on sales & trading, revenue ex-DVA, rose 10% year-over-year to $4.5 billion.",-1,0.0
Bank of America,2026-01-14,,"And it was equities trading that led the improvement, growing 23%, supported by increased activity in Asia.",-1,0.0
Bank of America,2026-01-14,,"And that brought higher revenue, it also brought higher revenue -- sorry, higher cost in the form of transaction costs as the clients still reimburse us for those fees.",-1,0.0
Bank of America,2026-01-14,,"FICC revenue grew 1%, driven by improved performance in macro rates and FX products offsetting a modest decline in credit products.",2,0.12441126834571489
Bank of America,2026-01-14,,Loan growth continues to benefit from opportunities tied to highly collateralized pools of high-quality assets and clients value our expertise and in delivering these solutions.,-1,0.0
Bank of America,2026-01-14,,"On Slide 17, All Other shows a loss of $132 million in Q4, with very little to cover here.",-1,0.0
Bank of America,2026-01-14,,"And as we wrap up, I would just note Q4 effective tax rate was 21%, and it was 19% for the full year.",44,1.0
Bank of America,2026-01-14,,"For 2026, we expect an effective tax rate of roughly 20%.",44,1.0
Bank of America,2026-01-14,,"And then finally, I'd just note on Slide 18, we provided a summary of the forward-looking guidance that we discussed today.",3,0.09497411418041367
Bank of America,2026-01-14,,"And with that, we'll jump into Q&A.",-1,0.0
BNP Paribas,2025-10-28,,"Good afternoon, ladies and gentlemen.",38,1.0
BNP Paribas,2025-10-28,,"Before we move on to the quarter's results, I would like to just take a moment to share some context related to the decision issued by the civil court in the US case and how we see things moving forward.",-1,0.0
BNP Paribas,2025-10-28,,"So, this morning, first, we made a public statement which explained our position on this matter.",-1,0.0
BNP Paribas,2025-10-28,,This verdict is in connection with very old facts relating to banking services that BNP Paribas provided more than 15 years ago.,-1,0.0
BNP Paribas,2025-10-28,,We are highly confident that our planned appeal will demonstrate that this judgement was incorrect.,41,1.0
BNP Paribas,2025-10-28,,"US law has allowed, and the court has decided to apply Swiss law to this case, and evidence of such Swiss law has not been allowed to be presented.",41,1.0
BNP Paribas,2025-10-28,,Misapplication of Swiss law has been confirmed by the Swiss government itself.,41,1.0
BNP Paribas,2025-10-28,,The applicable laws don't lead to liability or causation in this case.,41,0.520768917442792
BNP Paribas,2025-10-28,,"The banking services that the bank provided didn't cause plaintiffs prejudice, and no evidence has been brought to prove that it did.",41,0.14176422016687573
BNP Paribas,2025-10-28,,"Because the verdict is fundamentally flawed, the bank will pursue its appeal and is confident that the verdict will ultimately be overturned.",41,0.44024257479399664
BNP Paribas,2025-10-28,,The appeal case will be reviewed by a panel of three professional judges.,41,1.0
BNP Paribas,2025-10-28,,"Now, we are aware that this case has prompted some speculation about the precedent it might set.",41,1.0
BNP Paribas,2025-10-28,,So let me be very clear on this point: the damages awarded were specific to three individuals.,41,1.0
BNP Paribas,2025-10-28,,Extrapolation is not permitted.,-1,0.0
BNP Paribas,2025-10-28,,The court has very clearly indicated that any future claims will be assessed on an individual basis.,41,1.0
BNP Paribas,2025-10-28,,"So, given the ongoing nature of the litigation, we will not be commenting further on this topic today.",41,1.0
BNP Paribas,2025-10-28,,BNP Paribas once again is confident in its legal arguments and that the verdict will be overturned on appeal.,41,0.026291371019015138
BNP Paribas,2025-10-28,,We look forward to focusing our discussion today on this quarter's results.,39,0.0579187523231427
BNP Paribas,2025-10-28,,"So, if we move on to slide four, our third quarter results are solid and allow us to confirm our target of over €12.2 billion of net profit for 2025.",-1,0.0
BNP Paribas,2025-10-28,,Our revenues are up 5.3% this quarter.,-1,0.0
BNP Paribas,2025-10-28,,"Revenues of our operating divisions, excluding AXA IM, are up 3.5% and a strong 4.9% at constant exchange rates.",27,0.36542831987596724
BNP Paribas,2025-10-28,,"CIB revenues posted another record year with 4.5% growth, +7.7% at constant exchange rates, driven by global markets and security services.",-1,0.0
BNP Paribas,2025-10-28,,Global banking was resilient despite a more challenging context than last year.,-1,0.0
BNP Paribas,2025-10-28,,"CPBS revenues have accelerated and are up 3.1% thanks to the strong performance of our eurozone commercial banks, with acceleration in net interest income up 4.5% and an improvement in specialised businesses.",-1,0.0
BNP Paribas,2025-10-28,,"Personal Finance is delivering on the strategic plan we detailed in June, and Arval’s organic growth is an elevated 9.3%.",-1,0.0
BNP Paribas,2025-10-28,,"Finally, IPS consolidated AXA IM for the first time, and I will comment on this later.",27,1.0
BNP Paribas,2025-10-28,,"IPS recorded 2.9% organic revenue growth with a robust performance for Wealth Management, Insurance, and Asset Management, although mitigated somewhat by Real Estate and IPS invest.",-1,0.0
BNP Paribas,2025-10-28,,"We remain committed to cost control, and we have already implemented most of our targeted €600 million cost savings measures for this year.",-1,0.0
BNP Paribas,2025-10-28,,This results in a +2.0 pts jaws effect for operating divisions excluding AXA IM.,27,0.2794117914852596
BNP Paribas,2025-10-28,,"At 39 bps, our cost of risk remains within our guidance of less than 40 bps, despite a more challenging environment.",-1,0.0
BNP Paribas,2025-10-28,,Lars will elaborate on this later.,-1,0.0
BNP Paribas,2025-10-28,,"All in all, our net profit was up 6.1%, meaning we are on track to achieve our target of more than €12.2 billion euros this year.",8,0.015958026345222
BNP Paribas,2025-10-28,,Moving on to our CET1 ratio at a very solid 12.5%.,12,0.5586305531319863
BNP Paribas,2025-10-28,,We have fully absorbed the impact of the AXA IM acquisition of 35 bps.,27,1.0
BNP Paribas,2025-10-28,,"This strong quarterly performance, which Lars will elaborate on shortly, enables us to deliver beyond our pre-FRTB target of 12.3%.",-1,0.0
BNP Paribas,2025-10-28,,Let me pause briefly on this point.,-1,0.0
BNP Paribas,2025-10-28,,"We are now concluding a four-year regulatory and supervisory cycle, characterised by the finalisation of Basel and significant model updates, a cycle which has been particularly heavy for BNP Paribas.",-1,0.0
BNP Paribas,2025-10-28,,"This cycle has represented around 160 basis points, or €12 billion, equivalent to 3 billion per year.",-1,0.0
BNP Paribas,2025-10-28,,"We are now entering a new cycle where RWA growth will primarily be driven by organic momentum, estimated at less than 2% per year based on recent historical trends.",45,1.0
BNP Paribas,2025-10-28,,"This is an important and positive message, as it naturally opens up new perspectives in terms of capital generation.",13,1.0
BNP Paribas,2025-10-28,,Moving to slide five.,14,0.12612947457543755
BNP Paribas,2025-10-28,,Our third quarter performance demonstrates acceleration across our operating division as well as the first-time integration of AXA IM.,27,0.49508784949416024
BNP Paribas,2025-10-28,,"Despite a particularly high FX impact this quarter, our operating divisions generated two percentage points jaws effect, excluding AXA IM, and posted an increase of profit before tax of 7.5%.",27,0.08449184670212963
BNP Paribas,2025-10-28,,The third quarter reaffirms our confidence that the growth trajectory we embarked on is delivering.,37,1.0
BNP Paribas,2025-10-28,,Moving now to slide six.,14,0.25468934973486024
BNP Paribas,2025-10-28,,"First, our scaled-up CIB platform is a strong engine of growth, reaching excellent levels of efficiency and profitability, as illustrated by its RoNE of 22.2%.",11,0.2098891866330962
BNP Paribas,2025-10-28,,We expect it to continue gaining market share while maintaining its proven capital discipline.,13,1.0
BNP Paribas,2025-10-28,,"Second, IPS already benefits from a high RoNE, 23.7%, which is expected to improve even further.",-1,0.0
BNP Paribas,2025-10-28,,We also maintain that IPS is set to reach 20% of the Group's pre-tax profit in the coming years.,-1,0.0
BNP Paribas,2025-10-28,,We are creating a European leader in asset management at the core of our integrated model.,11,1.0
BNP Paribas,2025-10-28,,The impact of the AXA IM acquisition will be substantial.,27,1.0
BNP Paribas,2025-10-28,,It will add more than 50 basis points to our Group return on tangible equity as early as 2028; and I will come back to this in a few minutes.,-1,0.0
BNP Paribas,2025-10-28,,"Beyond Asset Management, we are developing our European Wealth Management platform, and IPS will also benefit from both external and organic growth at BNP Paribas Cardif as well as from its strategic partnerships.",11,0.14135679985694127
BNP Paribas,2025-10-28,,"The eurozone commercial banks are starting to benefit from a supportive interest rate environment, as evidenced by this quarter's performance, and we are improving the profitability of each business line where needed.",-1,0.0
BNP Paribas,2025-10-28,,"Today, we are announcing a Deep Dive in the first half of 2026 to present the financial trajectory of CPBB in Belgium.",29,1.0
BNP Paribas,2025-10-28,,"We intend to improve the RoNE from 13% in 2024 to 20% in 2028, and 23% in 2030.",-1,0.0
BNP Paribas,2025-10-28,,"Together with the plans we have already presented for CPBF and Personal Finance, this means we will improve profitability from 10% RoNE to about 18% on a third of the Group’s RWAs, or two thirds of CPBS’ RWAs.",-1,0.0
BNP Paribas,2025-10-28,,BNP Paribas Bank Polska will also host a capital markets day on the 11th of December.,-1,0.0
BNP Paribas,2025-10-28,,"The plan that is coming to an end this year enabled us to implement BNP Paribas’ model in Poland, and the new 2030 plan will bring Bank Polska’s profitability to the best standards of Polish banks.",-1,0.0
BNP Paribas,2025-10-28,,"At Arval, the strong organic growth, +9.3% in third quarter 2025, will no longer suffer from the baseeffect linked to used car prices.",45,1.0
BNP Paribas,2025-10-28,,"Overall, we will raise Group return on tangible equity to 13% as early as 2028 and reach a core equity tier one of 12.5% post-FRTB in 2027.",-1,0.0
BNP Paribas,2025-10-28,,This marks the first two steps in the rollout of the future 2027- 2030 plan.,-1,0.0
BNP Paribas,2025-10-28,,Let me now outline on slide seven the significant positive impact of the AXA IM acquisition on our financial trajectory.,27,1.0
BNP Paribas,2025-10-28,,We expect to generate €550 million of revenues and cost synergies by 2029.,8,0.015204990132477152
BNP Paribas,2025-10-28,,"Thanks to AXA IM, IPS will see its contribution to Group earnings rise to about 20% in the mid-term, and we expect our return on tangible equity to see an improvement of more than 50 basis points from this acquisition at Group level.",27,0.5393486092362942
BNP Paribas,2025-10-28,,"We expect, as well, our return on the €2.8 billion of invested capital to reach 18% in 2028 and 22% in 2029.",8,0.019899456072761185
BNP Paribas,2025-10-28,,This is equivalent to more than €600 million of additional net earnings.,8,0.01580537761065031
BNP Paribas,2025-10-28,,We reaffirm on slide eight our 2026 trajectory leading to an acceleration in shareholder return.,-1,0.0
BNP Paribas,2025-10-28,,"I will now hand over to Sandro Pierri, CEO of BNP Paribas Asset Management, to discuss the AXA IM project.",27,0.03381020822564978
BNP Paribas,2025-10-28,,"Thank you, Jean-Laurent, and good afternoon to everyone.",38,1.0
BNP Paribas,2025-10-28,,Maybe just a quick intro.,39,0.25038400214492906
BNP Paribas,2025-10-28,,"I've been the CEO of BNP Paribas Asset Management since September 21, but I spent all of my career, which is now 35 years, in asset management, before joining BNPP.",-1,0.0
BNP Paribas,2025-10-28,,"I've been 13 years at Pioneer Investments, where the last three years I've been the CEO.So, as we approach the AXA IM integration – and I think we can go to slide ten – it's very important because this acquisition enables us to reach scale in Asset Management, notably in long-term savings.",27,1.0
BNP Paribas,2025-10-28,,It strengthens the growth momentum of our IPS franchise but also gives us the critical mass and ambition to become a leading player.,11,0.11667309141304451
BNP Paribas,2025-10-28,,"We will be, in fact, the third-largest European asset manager with €1.6 trillion of AUM.",11,1.0
BNP Paribas,2025-10-28,,"And, if we focus on long-term savings, we are the leader in European longterm savings with €850 billion AUM.",11,0.26871472042043737
BNP Paribas,2025-10-28,,"We’ll also be the leader in alternative assets in Europe by a significant margin, with €300 billion of AUM, which we believe is going to be a very powerful differentiating factor offering significant growth potential underpinned by our highly skilled and renowned teams.",11,1.0
BNP Paribas,2025-10-28,,"Clearly, the new scope of our asset management platform, combined with the strength of our integrated model, will unlock significant synergies and operational efficiencies.",11,1.0
BNP Paribas,2025-10-28,,"By the end of 2029, as Jean-Laurent has indicated, we expect 550 million of profit before taxes from revenue and cost synergies across the entire Group, and AXA IM is clearly a catalyst for our long-term growth ambitions, bringing many tangible benefits.",27,1.0
BNP Paribas,2025-10-28,,"First, we will rely more strongly on internal capabilities and services leveraging our internal expertise.",-1,0.0
BNP Paribas,2025-10-28,,A good example would be the CIB security services.,-1,0.0
BNP Paribas,2025-10-28,,"Secondly, we'll capitalise on the development of new partnerships with insurers and pension funds.",11,0.1859052224392723
BNP Paribas,2025-10-28,,"Thirdly, the acceleration of cross-selling within the Group business.",11,0.14849611429104798
BNP Paribas,2025-10-28,,"Fourth, the expansion of the Group originate-to-distribute model, which will connect our asset manager with asset origination business within CIB and CPBS.",11,1.0
BNP Paribas,2025-10-28,,"And finally, the strong acceleration of our alternative asset distribution, both internally and externally.",13,0.025756495670367672
BNP Paribas,2025-10-28,,"Now, if we move on to the next slide, which is slide 11.",14,0.20595184767307706
BNP Paribas,2025-10-28,,"These transactions are not only about scale, but it's clearly about growth.",-1,0.0
BNP Paribas,2025-10-28,,"We believe we are very well positioned to capture growth opportunities in asset management, thanks to a number of distinctive competitive advantages.",11,0.29179888319049485
BNP Paribas,2025-10-28,,"First, we have an unmatched breadth of offering in Europe at scale from ETF, money market, active, medium, long-term and alternative.",-1,0.0
BNP Paribas,2025-10-28,,"The second element is that our Group-integrated model provides exclusive access to permanent capital with the partnership we also have with Cardif, origination in partnership with our CIB franchise, and strong distribution capabilities, CPBS, and Wealth.",11,0.4546587494548982
BNP Paribas,2025-10-28,,"So, the ability to leverage our one bank model is clearly a key differentiating feature.",-1,0.0
BNP Paribas,2025-10-28,,"From a business perspective, the combined AUM seems to be very balanced, as you can see in one of these charts, both across asset classes but also across distribution network with both AXA and BNP Paribas channel, but also external distribution and external institutional clients, and also a very strong footprint with our joint ventures, mostly in Asia.",-1,0.0
BNP Paribas,2025-10-28,,"And lastly, in terms of competitive advantages, we need to flag our leading position in sustainability, which will contribute to long-term investment performance and will also help to better meet client expectations.",11,0.08081680818652198
BNP Paribas,2025-10-28,,"So, if we go to the next slide.",14,0.09844535167587459
BNP Paribas,2025-10-28,,"Once we have elaborated on the key distinctive competitive advantages, we laid down a plan which we think is very clear, and we have a commitment to executing as fast as we can.",7,0.5338993804795913
BNP Paribas,2025-10-28,,"And the strategy is, in a way, quite simple.",7,0.40875972583158277
BNP Paribas,2025-10-28,,"On one side, we want to maximise the potential of the two investment platforms: the alternative one and the liquid.",11,1.0
BNP Paribas,2025-10-28,,"In alternative assets, our growth potential builds on a solid and very consistent track record on the size of our blockbuster funds, a full range in coverage, which spans from real estate, alternative credit infrastructure, private equity, which also includes secondary markets, and also on the prerequisite of having a full alignment of interest between AXA Cardif and third party.",-1,0.0
BNP Paribas,2025-10-28,,"On the liquid side, the combination of scale, strong performance culture and results in active strategy, both equity and fixed income, as well as the renewed ambitions for our ETF platform, which year to date has been the fastest-growing player in Europe on a relative basis, reaffirms our confidence that we are very well equipped to deliver on our growth ambitions.",11,1.0
BNP Paribas,2025-10-28,,We have a very clear client focus to ensure that we provide the best-in-class products and services.,-1,0.0
BNP Paribas,2025-10-28,,"So, the strategy then from a distribution perspective is really focussed on institutional, and retail and wealth.",-1,0.0
BNP Paribas,2025-10-28,,"As far as institutional clients are concerned, our goal is to be the go-to platform for insurers and pension funds, leveraging on our strategic partnership with AXA and BNP Paribas Cardif.",-1,0.0
BNP Paribas,2025-10-28,,"In Retail and Wealth Management, we are unlocking the potential of alternatives, the so-called democratisation of private assets.",-1,0.0
BNP Paribas,2025-10-28,,And we also aim to expand distribution partnership through innovative digital solutions.,28,1.0
BNP Paribas,2025-10-28,,"So that's as much as I can share at this stage on a very exciting project, and I look forward to seeing you at our Deep Dive in the first half of 2026, where we'll share more on our strategy and unique positioning among European asset managers to offer solutions across the full spectrum from liquid to liquid, thus leveraging scale, expertise and innovation to serve all client segments.",11,1.0
BNP Paribas,2025-10-28,,"With that, let me now hand over to Lars, who will walk us through some of the key figures.",-1,0.0
BNP Paribas,2025-10-28,,Let's move to slide 13 with respect to the numbers underlying this transaction.,14,1.0
BNP Paribas,2025-10-28,,"And as mentioned by Jean-Laurent, this acquisition will generate over 50 bps to the Group's RoTE in 2028.",9,0.137121066277929
BNP Paribas,2025-10-28,,"The transaction itself will have a return on invested capital of over 18% in 2028, and 22% by 2029.",-1,0.0
BNP Paribas,2025-10-28,,How do we get to this return?,8,0.3468139421060254
BNP Paribas,2025-10-28,,"First, by maintaining strong discipline and efficiency in building this combined asset management platform at scale as mentioned by Sandro.",11,1.0
BNP Paribas,2025-10-28,,"We will generate 400 million of cost savings, representing approximately 18% of the combined cost base.",-1,0.0
BNP Paribas,2025-10-28,,"These cost savings will be generated as we merge the three asset management platforms – AXA IM, BNP Paribas Asset Management and BNP Paribas IM – with a streamlined product offering, a single front-to-back system and a unified workforce.",-1,0.0
BNP Paribas,2025-10-28,,"We will, of course, optimise our organisation, our real estate footprint and our external spending and leveraging the size of the Group and the scale that we can reach.",11,0.05734558307625082
BNP Paribas,2025-10-28,,"So we expect to achieve full realisation of these synergies by 2029, with two thirds by the end of 2027.",9,0.1803619989873091
BNP Paribas,2025-10-28,,So that's on the cost.,-1,0.0
BNP Paribas,2025-10-28,,"Secondly, we are committed to unlocking the full potential of revenue synergies.",11,0.16661515000496685
BNP Paribas,2025-10-28,,We will generate 150 million of these top-line synergies.,-1,0.0
BNP Paribas,2025-10-28,,And they come in two types.,-1,0.0
BNP Paribas,2025-10-28,,"First, there is the internalisation of operations, for example, with a broader use of CIB security services for custodian services across the platform, or by leveraging the new asset management platform to better serve internal Group clients like Cardif and Wealth Management and support their growth.",11,0.5108388424104402
BNP Paribas,2025-10-28,,"Secondly, on the revenues, through an accelerated commercial development thanks to our competitive offering, as detailed also by Sandro.",11,0.17689099744252954
BNP Paribas,2025-10-28,,"Of those revenue synergies, 50% will be activated by 2027 with a full run rate by end 2029.",9,0.15375362478233845
BNP Paribas,2025-10-28,,"A few additional elements to understand this full impact: We expect to have 690 million of integration charges and the majority of this will be booked in 2025 and in particular 2026, with a more limited part in 2027 and 2028.",9,0.28807648379545375
BNP Paribas,2025-10-28,,"Finally, as you know, a significant portion of the purchase price comes from the value of the partnership, and this generates an annual amortisation of the so-called prepaid expense of around €100 million booked in AXA IM.",27,1.0
BNP Paribas,2025-10-28,,"This integration is a catalyst for our strategic ambitions and a turning point for IPS, creating a powerful investment platform for the future.",11,0.12829540608057485
BNP Paribas,2025-10-28,,So this is the complementary insights on AXA IM.,27,1.0
BNP Paribas,2025-10-28,,And let's now go back to the Group results and let me take you through the operating efficiency that you can see on slide 17.,-1,0.0
BNP Paribas,2025-10-28,,"You will note that our costs are up, limited to 1% if you exclude the impact of AXA IM.",27,1.0
BNP Paribas,2025-10-28,,"Our operating divisions generated positive jaws of two points, with CIB and IPS generating over three points in jaws and CPBS 0.7 pts as a result of, on the one hand, accelerating NBI, as we mentioned before, and secondly, reducing the drag from car sales revenues at Arval.",27,0.05486802532314605
BNP Paribas,2025-10-28,,"With this, I can ask you to go to slide 18, where we show our regular improvement in the cost-income ratio as we expect to maintain our trajectory in the years to come.",-1,0.0
BNP Paribas,2025-10-28,,"So, this was the cost.",-1,0.0
BNP Paribas,2025-10-28,,Let's now turn to the cost of risk and let's turn to slides 19 and 20.,-1,0.0
BNP Paribas,2025-10-28,,"On slide 19, our cost of risk this quarter reached 39 basis points in line with our guidance to be below the 40 basis points, which is the average of the cycle, and we maintain our guidance for the full year.",-1,0.0
BNP Paribas,2025-10-28,,"Compared with last year, there were fewer releases in the so-called stage one and stage two provisions, so the cost of risk at Group level, excluding these write backs, is stable.",30,0.3779750600348511
BNP Paribas,2025-10-28,,"If you look at slide 20, you will see by division that cost of risk is stable or down, including at Personal Finance in line with our trajectory.",-1,0.0
BNP Paribas,2025-10-28,,Europe-Mediterranean is the exception with the normalisation from a low level of cost of risk last year due to the higher cost of risk in Türkiye on households in the context of high inflation.,-1,0.0
BNP Paribas,2025-10-28,,"Cost of risk is are also stable at CIB, with global banking close to zero, and we have increased our provisions in global markets because of a specific file, which happens every so many years and should not be considered to be recurring.",-1,0.0
BNP Paribas,2025-10-28,,"In particular, it is to be considered as a fraud case.",41,1.0
BNP Paribas,2025-10-28,,"And moreover, it has nothing to do with the private credit environment.",30,1.0
BNP Paribas,2025-10-28,,"So before I move on to Capital, let me say a word on the Corporate Centre.",13,1.0
BNP Paribas,2025-10-28,,"This quarter, the revenues were impacted by two elements.",-1,0.0
BNP Paribas,2025-10-28,,"On one hand, the impact of DVA generating a €-110 million swing.",-1,0.0
BNP Paribas,2025-10-28,,"And I don't have to remind you that DVA should be zero over the life cycle of the derivatives, but can be volatile from one quarter to another.",-1,0.0
BNP Paribas,2025-10-28,,The lower rates also weighed on the returns of our equity being redeployed.,-1,0.0
BNP Paribas,2025-10-28,,"So, with this, let me now conclude on the capital with slide 21.",-1,0.0
BNP Paribas,2025-10-28,,"We are pleased to confirm our stable common equity tier one at a solid 12.5% this quarter, highlighting our capacity to absorb the 35-basis-points impact of the AXA IM acquisition thanks to our capital generation.",27,1.0
BNP Paribas,2025-10-28,,"We also benefited this quarter from a positive modelling impact, as mentioned by JeanLaurent.",37,1.0
BNP Paribas,2025-10-28,,"And as you can see in the bottom left, in the last four years, we have been significantly impacted by prudential and supervisory requirements equivalent to 160 basis points over that period of four years, or 40 basis points – or €3 billion – per year.",-1,0.0
BNP Paribas,2025-10-28,,So what drives this impact?,34,0.10567927249727867
BNP Paribas,2025-10-28,,"As mentioned, it's the regulatory and supervisory inflation.",-1,0.0
BNP Paribas,2025-10-28,,Let me shed some light on this by giving an example.,3,0.053312940423313436
BNP Paribas,2025-10-28,,"As a reminder, monitoring risk at BNP Paribas is done in a very detailed manner and it is core to our setup.",-1,0.0
BNP Paribas,2025-10-28,,Doing so allows us to have all the data available to use advanced models to successfully track evolutions and reflect this in the related riskweighted assets.,-1,0.0
BNP Paribas,2025-10-28,,I don't need to remind you that this advanced modelling is de facto constrained by the new regulation.,-1,0.0
BNP Paribas,2025-10-28,,"Whilst we cannot predict precisely the impact going forward, we expect our capital generation to be much less constrained in the future, therefore providing us with a lot more flexibility as you can see with like ten basis points, organic capital creation in a quarter, which is the typical run we have on a quarterly basis.",13,0.04149359408902825
BNP Paribas,2025-10-28,,"From now on, one can assume that the growth of our RWAs will be primarily driven by organic RWA growth, estimated to be less than two per cent per year based on recent historical trends.",45,1.0
BNP Paribas,2025-10-28,,"So, we will obviously continue to contain this organic RWA growth as we did in the past.",45,1.0
BNP Paribas,2025-10-28,,This is a strong point.,7,0.08714868817260107
BNP Paribas,2025-10-28,,And let me illustrate the case of CIB which is particularly telling.,-1,0.0
BNP Paribas,2025-10-28,,"So as you know, we have successfully grown the platform at twice the pace of the market, and we've done so at marginal cost.",11,0.08763711731403177
BNP Paribas,2025-10-28,,"So notably, by reducing our cost income from 72% to 60%.",-1,0.0
BNP Paribas,2025-10-28,,"At the same time, we've kept organic RWA growth very well contained, averaging around 0.4% per year over the period 2016 to 2024.",45,1.0
BNP Paribas,2025-10-28,,"So overall, we are comfortably on track to reach our common equity tier one level of 12.5% post-FRTB in 2027.",-1,0.0
BNP Paribas,2025-10-28,,"From here on, I let you read for yourself slide 25 to 30 on the key elements of the quarter, as well as the growth drivers of our three operating divisions.",-1,0.0
BNP Paribas,2025-10-28,,"With this, I'll hand it back to Jean-Laurent.",32,0.5511275744584971
BNP Paribas,2025-10-28,,"So, to conclude on slide 32, our third-quarter performance, driven by the acceleration of our operating divisions, is fully in line with our trajectory.",37,0.17579620889149106
BNP Paribas,2025-10-28,,"Our priority remains the successful execution of the AXA IM integration, which represents a strategic transformation lever for the Group thanks to its integrated model.",27,1.0
BNP Paribas,2025-10-28,,"While our growth drivers are firmly established within CIB and IPS, we are pursuing disciplined actions to improve the profitability of each business line when needed within CPBS.",-1,0.0
BNP Paribas,2025-10-28,,This year we started with CPBF and Personal Finance and we are now continuing with CPBB and Polska.,-1,0.0
BNP Paribas,2025-10-28,,"Finally, our core equity tier one ratio of 12.5% provides us with additional flexibility and the new phase we are entering paves the way for enhanced capital generation.",-1,0.0
BNP Paribas,2025-10-28,,This concludes our presentation.,3,0.08058674913341468
BNP Paribas,2025-10-28,,We will now be happy to take your questions.,32,1.0
Citigroup,2025-10-14,,Good morning and thank you all for joining our Third Quarter 2025 earnings call.,-1,0.0
Citigroup,2025-10-14,,"I am joined today by our Chief Executive Officer, Jane Fraser, and our Chief Financial Officer, Mark Mason.",18,0.06797923279310683
Citigroup,2025-10-14,,"I'd like to remind you that today's presentation, which is available for download on our website, citigroup.com, may contain forward-looking statements which are based on management's current expectations and are subject to uncertainty and changes in circumstances.",-1,0.0
Citigroup,2025-10-14,,"Actual results may differ materially from these statements due to a variety of factors, including those described in our earnings materials as well as in our SEC filings.",3,0.24315498767059743
Citigroup,2025-10-14,,"And with that, I'll turn it over to Jane.",32,1.0
Citigroup,2025-10-14,,"Thank you, Jenn, and a very good morning to everyone.",38,1.0
Citigroup,2025-10-14,,"This morning, we reported another very good quarter with net income of $3.8 billion and earnings per share of $1.86, with an RoTCE of 8%.",20,0.12434862954767194
Citigroup,2025-10-14,,"Now excluding the goodwill impairment from the Banamex transaction, our adjusted EPS was $2.24 with an adjusted RoTCE of 9.7%.",47,1.0
Citigroup,2025-10-14,,Revenues were up 9% and every business had record third quarter revenue and improved returns.,-1,0.0
Citigroup,2025-10-14,,We continue to generate positive operating leverage for the firm and in each of our five businesses.,10,0.6467664204408908
Citigroup,2025-10-14,,The consistently strong results that we have been delivering are a consequence of how we have fundamentally changed the bank in recent years.,-1,0.0
Citigroup,2025-10-14,,We are running the businesses differently and capturing the synergies between them.,-1,0.0
Citigroup,2025-10-14,,We have added new senior leaders to compliment the excellent talent we already had.,-1,0.0
Citigroup,2025-10-14,,"We are disciplined stewards of our shareholders’ capital, investing it where we should and returning what we don’t deploy.",13,0.1383385860898287
Citigroup,2025-10-14,,"And the best part is, there is much more upside ahead.",7,0.2924336144817602
Citigroup,2025-10-14,,"Turning to the businesses, Services had a record quarter, with revenues growing by 7%.",2,0.10996198737869384
Citigroup,2025-10-14,,Pleasing growth in Cross Border transactions and USD clearing reflects the sharp focus we have put on increasing fee revenue.,17,0.3017107238529985
Citigroup,2025-10-14,,"AUCA grew 13%, reaching nearly $30 trillion.",-1,0.0
Citigroup,2025-10-14,,New client wins and share gains demonstrate the confidence our clients have in our ability to help them navigate a very dynamic global environment and to lead through innovation.,28,0.16418473020471316
Citigroup,2025-10-14,,"Despite low volatility, Markets had a record third quarter.",-1,0.0
Citigroup,2025-10-14,,Revenues were up 15% as we continue to drive momentum and traction with clients.,2,0.10713448039531567
Citigroup,2025-10-14,,"Activity in Rates was particularly high and Equities grew nicely, with continued progress in Prime where balances were up over 40%, complementing our historical strength in Derivatives.",2,0.08144149430001142
Citigroup,2025-10-14,,"In Banking, increased clarity around tariffs and record equity prices fueled CEO confidence.",-1,0.0
Citigroup,2025-10-14,,"We capitalized on this with investment banking fees up 17%, with continued growth across all products.",21,1.0
Citigroup,2025-10-14,,"On the back of our investment in talent, we improved our position in Tech, Healthcare, Consumer and with Sponsors.",-1,0.0
Citigroup,2025-10-14,,"We continue to add talent to the team, which will help us deepen or establish relationships that will bear fruit over the next two to three years.",7,0.06087393182151478
Citigroup,2025-10-14,,"Wealth had another good quarter with revenue up 8%, driven by Citigold and the Private Bank.",2,1.0
Citigroup,2025-10-14,,Our emphasis on growing investment assets resulted in record Net New Investment Assets of $18.6 billion and Client Investment Assets increasing by 14%.,-1,0.0
Citigroup,2025-10-14,,"We announced a new partnership with BlackRock where they will manage $80 billion of our clients’ assets, fully aligning to an open architecture strategy.",-1,0.0
Citigroup,2025-10-14,,"USPB had record quarterly revenue of $5.3 billion, reaching twelve straight quarters of positive operating leverage, and delivered an RoTCE of over 14%.",10,0.30417718633498614
Citigroup,2025-10-14,,We drove momentum in Branded Cards with the wellreceived launch of our Citi Strata Elite card.,-1,0.0
Citigroup,2025-10-14,,"And this quarter, we will introduce a new mid-tier product to round out the Citi/AAdvantage portfolio.",-1,0.0
Citigroup,2025-10-14,,It will elevate the travel experience for American Airlines customers and create access to premium benefits.,-1,0.0
Citigroup,2025-10-14,,"In the Retail Bank, we continue to innovate, including by the launch of instant payments through FedNow and enabling digital issuance for Citibank debit cards.",0,0.06353341085995799
Citigroup,2025-10-14,,"And the Retail Bank continues to strengthen as a pipeline to our Wealth Business, with $4 billion in deposits transferred in the quarter.",-1,0.0
Citigroup,2025-10-14,,"Wealth is capitalizing on those transfers, and we continue to see improved investment penetration and significantly higher investment-related revenue from those customers.",-1,0.0
Citigroup,2025-10-14,,We returned over $6 billion in capital to our common shareholders during the third quarter.,8,0.6931359621851922
Citigroup,2025-10-14,,"The $5 billion in share repurchases was $1 billion more than we guided, and this reflects our commitment to returning capital.",8,0.53773008499066
Citigroup,2025-10-14,,"Year-to-date, we have repurchased $8.75 billion of shares as part of our $20 billion repurchase plan.",8,1.0
Citigroup,2025-10-14,,"We ended the quarter at a Common Equity Tier 1 Capital ratio of 13.2%, over 100bps above our regulatory requirement at quarter-end.",12,0.297116584759014
Citigroup,2025-10-14,,The agreement with Fernando Chico Pardo to purchase a 25% equity stake is a very significant step towards the divestiture of Banamex and progresses the overall timeline to deconsolidation and beyond.,34,1.0
Citigroup,2025-10-14,,We are confident that this path is in the best interests of our stakeholders in terms of certainty and value.,7,0.07091825893481778
Citigroup,2025-10-14,,"And we could not be more pleased to have Fernando, with his proven track record for investors, as our partner.",-1,0.0
Citigroup,2025-10-14,,"As we simplify, we continue to invest in technology to catalyze our transformation and become a more agile and modern bank.",-1,0.0
Citigroup,2025-10-14,,"We have been relentless in our execution, and it is creating results.",7,1.0
Citigroup,2025-10-14,,Over two-thirds of our transformation programs are at or are close to our target state and we are making very good progress in the remaining areas.,7,0.13848915140537163
Citigroup,2025-10-14,,"I am particularly pleased with the improvement in our controls this year through standardizing, automating and digitizing them.",-1,0.0
Citigroup,2025-10-14,,"We continue to lead in digital payments innovation, enabling payments, clearing, and settlement capabilities that operate on an always on basis, across multiple borders and currencies.",0,0.07509286351980617
Citigroup,2025-10-14,,"As networks evolve toward an always-on future, we are taking the next step by integrating Citi Token Services with our 24/7 Clearing platform.",-1,0.0
Citigroup,2025-10-14,,Now this integration will allow Citi clients to seamlessly send funds to third-party banks real-time within our USD clearing network — and that’s delivering true interoperability across more than 250 institutions.,-1,0.0
Citigroup,2025-10-14,,We are committed to embedding AI into how we work.,4,1.0
Citigroup,2025-10-14,,"Nearly 180,000 colleagues in 83 countries now have access to our proprietary AI tools and have used them almost 7 million times this year.",4,0.7055307098731526
Citigroup,2025-10-14,,"These tools save hours each day by automating routine work, analyzing data and creating materials in minutes instead of Our Services and USPB teams are using AI to resolve client inquiries faster.",4,0.2749089098312543
Citigroup,2025-10-14,,"In Wealth, advisors are gaining real-time insights that help them deliver more personalized advice.",4,0.03599945366860523
Citigroup,2025-10-14,,And AI-driven automated code reviews have exceeded 1 million so far this year and are dramatically improving our developers’ productivity.,4,1.0
Citigroup,2025-10-14,,"This innovation alone saves considerable time and creates around 100,000 hours of weekly capacity – that’s a very meaningful productivity uplift.",-1,0.0
Citigroup,2025-10-14,,"In September, we launched a pilot of Agentic AI for 5,000 colleagues.",4,1.0
Citigroup,2025-10-14,,"It allows complex, multi-step tasks to be completed with a single prompt.",4,0.29542408945052884
Citigroup,2025-10-14,,"And the early results are very promising, and we’ll expand access to this in the months ahead.",-1,0.0
Citigroup,2025-10-14,,"Finally, we have launched a firmwide effort to systematically embed AI in our processes end-to-end to drive further efficiencies, reduce risk and improve client experience.",4,0.5165347639971363
Citigroup,2025-10-14,,"Taking a step back, the macro environment reflects a global economy that has proved more resilient than many anticipated.",22,1.0
Citigroup,2025-10-14,,"continues to be a pacesetter, driven by consistent consumer spending as well as tech investments in AI and data centers.",4,1.0
Citigroup,2025-10-14,,"That said, there are pockets of valuation frothiness in the market so I hope discipline remains.",-1,0.0
Citigroup,2025-10-14,,"But overall, while growth is cooling somewhat and we are keeping an eye on the labor market, America’s economic engine is indeed still humming.",22,1.0
Citigroup,2025-10-14,,"In Asia, China’s domestic spending has slowed.",-1,0.0
Citigroup,2025-10-14,,"However, the investments they are making in technology are staggering and the world should take notice.",-1,0.0
Citigroup,2025-10-14,,"India’s fundamentals of a young, tech-savvy labor force and robust domestic consumption continue to drive high growth there.",22,1.0
Citigroup,2025-10-14,,"But in Europe, structural challenges still need to be dealt with for the continent to escape this low-growth cycle.",-1,0.0
Citigroup,2025-10-14,,"One certainty through all of this is our commitment and ability to serve our clients with excellence, no matter what challenge they face.",-1,0.0
Citigroup,2025-10-14,,"As you can see, the steady and disciplined execution of our strategy is delivering better business performance quarter after quarter and improving our returns.",37,1.0
Citigroup,2025-10-14,,"The cumulative effect of what we have done over the past years – our transformation, our refreshed strategy, our simplification – have put Citi in a materially different place in terms of our ability to compete.",18,1.0
Citigroup,2025-10-14,,"We know success isn’t linear, but I am so proud of the progress our people have made and how things are coming together.",7,0.09901889999549239
Citigroup,2025-10-14,,We intend to end the year with momentum into 2026 as we close in on our medium-term return target.,9,0.22433202884693146
Citigroup,2025-10-14,,"In terms of what will come next, we very much look forward to sharing that with you at our next Investor Day, which will be on May 7 of next year.",29,1.0
Citigroup,2025-10-14,,"There is still so much upside left for us to capture, and we look forward to laying out how we are going to do it.",7,0.31554705780489434
Citigroup,2025-10-14,,"With that, I will turn it over to Mark and then we would be happy to take your questions.",32,1.0
Citigroup,2025-10-14,,"Thanks, Jane and good morning, everyone.",38,0.7440734151669871
Citigroup,2025-10-14,,"I am going to start with the firmwide financial results, focusing on year-over-year comparisons unless I indicate otherwise, and then review the performance of our businesses in greater detail.",-1,0.0
Citigroup,2025-10-14,,"On slide 6, we show financial results for the full firm.",3,1.0
Citigroup,2025-10-14,,"This quarter we reported net income of $3.8 billion, EPS of $1.86 and an RoTCE of 8.0% on $22.1 billion of revenues, generating positive operating leverage for the firm and each of our five businesses.",10,0.0681178871014515
Citigroup,2025-10-14,,"On an adjusted basis, excluding the impact of a notable item consisting of the goodwill impairment that Jane mentioned earlier, we reported net income of $4.5 billion, EPS of $2.24 and an RoTCE of 9.7%.",-1,0.0
Citigroup,2025-10-14,,"Total revenues were up 9%, driven by growth in each of our businesses and Legacy Franchises, partially offset by a decline in Corporate/Other.",2,0.3093263703157033
Citigroup,2025-10-14,,"Net interest income excluding Markets, which you can see on the bottom left side of the slide, was up 6%, driven by USPB, Services, Wealth, Legacy Franchises and Banking, partially offset by a decline in Corporate/Other.",2,0.12533843519840518
Citigroup,2025-10-14,,"Non-interest revenues excluding Markets were up 12%, as better results in Banking, Wealth and Legacy Franchises were partially offset by declines in Corporate/Other, Services and USPB.",2,0.21743677750849175
Citigroup,2025-10-14,,And total Markets revenues were up 15%.,2,0.20638415587558173
Citigroup,2025-10-14,,"Expenses of $14.3 billion were up 9%, largely driven by the goodwill impairment I just mentioned.",5,0.03172309382695396
Citigroup,2025-10-14,,"On an adjusted basis, expenses of $13.6 billion were up 3%.",5,0.04690806792191543
Citigroup,2025-10-14,,"Cost of credit was $2.5 billion, primarily consisting of net credit losses in U.S.",40,1.0
Citigroup,2025-10-14,,Cards as well as a firmwide net ACL build.,31,0.5645489521122967
Citigroup,2025-10-14,,"Looking at the firm on a year-to-date basis; Total revenues were up 7%, driven by growth in each of our five businesses along with the benefit of foreign exchange translation, partially offset by a decline in All Other.",2,0.0830084809461925
Citigroup,2025-10-14,,"Expenses, which have also been impacted by foreign exchange translation, were up 2%, and flat on an adjusted basis.",5,0.12113475947046301
Citigroup,2025-10-14,,We’ve generated positive operating leverage for the firm and each of our five businesses.,10,1.0
Citigroup,2025-10-14,,"And reported an RoTCE of 8.6%, and 9.2% on an adjusted basis.",46,1.0
Citigroup,2025-10-14,,"On slide 7, we show the expense and efficiency trend over the past five quarters.",-1,0.0
Citigroup,2025-10-14,,"On an adjusted basis, this quarter we improved our efficiency ratio by approximately 360 basis points.",-1,0.0
Citigroup,2025-10-14,,"The increase in adjusted expenses was driven by higher compensation and benefits, along with the impact of foreign exchange translation.",5,0.5713064004353791
Citigroup,2025-10-14,,"As you can see on the bottom right side of the slide, the increase in compensation and benefits was driven by performance-related compensation, higher severance, and investments in transformation and technology, with productivity and stranded cost reduction partially offsetting continued growth in the businesses.",5,0.39337870458120516
Citigroup,2025-10-14,,"Year-to-date, we have incurred approximately $650 million of severance, slightly above our original expectation for the full year.",5,0.08114010029717855
Citigroup,2025-10-14,,"As we’ve said in the past, we are very focused on managing our expense base in a disciplined manner – reducing stranded costs and generating productivity savings to largely selffund investments in transformation, technology and the businesses.",-1,0.0
Citigroup,2025-10-14,,"This discipline, combined with top-line revenue momentum will continue to drive improvement in our operating efficiency.",-1,0.0
Citigroup,2025-10-14,,"On slide 8, we show consumer and corporate credit metrics.",-1,0.0
Citigroup,2025-10-14,,"As I mentioned, the firm’s cost of credit was $2.5 billion, primarily consisting of net credit losses in U.S.",40,1.0
Citigroup,2025-10-14,,cards as well as a firmwide net ACL build.,31,0.278364903402459
Citigroup,2025-10-14,,"Our reserves continue to incorporate an eight-quarter weighted average unemployment rate of 5.2%, which includes a downside scenario average unemployment rate of nearly 7%.",15,0.07858650405818285
Citigroup,2025-10-14,,"At the end of the quarter, we had nearly $24 billion in total reserves, with a reserve-to-funded loans ratio of 2.7%.",15,0.045442468175899836
Citigroup,2025-10-14,,"We continue to maintain a high credit quality card portfolio, with approximately 85% to consumers with FICO scores of 660 or higher, and a reserve to funded loan ratio in our card portfolio of 8.0%.",31,1.0
Citigroup,2025-10-14,,And it's worth noting that across our U.S.,-1,0.0
Citigroup,2025-10-14,,"cards portfolios, delinquency and NCL rates continue to perform in line with our expectations.",31,0.5891584504006442
Citigroup,2025-10-14,,"Looking at the right-hand side of the slide, you can see that our corporate exposure is primarily investment grade, and while corporate non-accrual loans increased in the quarter, resulting from idiosyncratic downgrades, they remain low, as do corporate net credit losses.",-1,0.0
Citigroup,2025-10-14,,"We feel good about the high-quality nature of our portfolios, which reflect our risk appetite framework and our focus on using the balance sheet in the context of the overall client relationship.",-1,0.0
Citigroup,2025-10-14,,"Turning to capital and the balance sheet on slide 9, where I will speak to sequential variances.",-1,0.0
Citigroup,2025-10-14,,"Our $2.6 trillion balance sheet increased 1%, driven by growth in cash and loans.",6,0.13577492065495272
Citigroup,2025-10-14,,"End-of-period loans increased 1%, driven by Markets and Services.",6,1.0
Citigroup,2025-10-14,,"Our $1.4 trillion deposit base remains well-diversified and increased 2%, driven by Services and Wealth.",15,0.22132284327457732
Citigroup,2025-10-14,,We reported a 115% average LCR and maintained over $1 trillion of available liquidity resources.,-1,0.0
Citigroup,2025-10-14,,"We ended the quarter with a preliminary 13.2% CET1 Capital ratio, which is 110 basis points above our 12.1% regulatory capital requirement during the third quarter.",12,0.40153349265402466
Citigroup,2025-10-14,,"Effective October 1, our new Standardized CET1 Capital ratio requirement is 11.6%, which incorporates the reduction in our SCB from 4.1% to 3.6%.",12,1.0
Citigroup,2025-10-14,,"That said, we are still waiting for clarity from the Federal Reserve on whether the averaging of SCB results from the previous two consecutive years will become effective in the next few months.",-1,0.0
Citigroup,2025-10-14,,"Given this uncertainty, we will be targeting a Standardized CET1 ratio closer to 12.8%, which incorporates a two-year average SCB of 3.8%, as well as a 100-basis point management buffer.",12,1.0
Citigroup,2025-10-14,,"As we’ve said in the past, we remain very focused on efficient utilization of both Standardized and Advanced RWA while providing the businesses with the capital needed to pursue accretive growth opportunities.",45,1.0
Citigroup,2025-10-14,,"And we will continue to prioritize returning capital to shareholders through buybacks, as evidenced by the $5 billion of buybacks in the third quarter and nearly $9 billion year-to-date.",8,0.7032068101879915
Citigroup,2025-10-14,,"Turning to the businesses on slide 10, we show the results for Services in the third quarter.",3,0.11804751951822823
Citigroup,2025-10-14,,"Revenues were up 7%, driven by growth across both TTS and Securities Services.",2,0.09588577245581303
Citigroup,2025-10-14,,"NII increased 11%, primarily driven by the increase in average deposit balances as well as higher deposit spreads.",1,1.0
Citigroup,2025-10-14,,"While NIR was down 3%, due to the impact of higher lending revenue share, total fee revenue was up 6%.",1,0.5069478659926521
Citigroup,2025-10-14,,"We see very strong activity and engagement with corporate clients and momentum across underlying fee drivers, with cross-border transactions up 10%, U.S.",17,0.11588852512645838
Citigroup,2025-10-14,,"Dollar Clearing Volume up 5% and Assets under Custody and Administration up 13%, as we continue to roll out our innovative products and services with digital capabilities into new markets.",21,0.07192338936767649
Citigroup,2025-10-14,,"Expenses increased 5%, primarily driven by higher compensation and benefits, including severance, as well as higher volume and other revenue-related expenses.",5,1.0
Citigroup,2025-10-14,,"Average loans increased 8%, driven by continued demand for trade loans, as we continue to support clients as they plan for potential shifts in trade corridors.",6,1.0
Citigroup,2025-10-14,,"Average deposits also increased 8%, with growth across both North America and International, largely driven by an increase in operating deposits.",15,1.0
Citigroup,2025-10-14,,Services generated positive operating leverage for the fifth consecutive quarter and delivered net income of $1.8 billion with an RoTCE of 28.9% in the quarter and 26.1% year-to-date.,10,0.27833786300151425
Citigroup,2025-10-14,,Turning to Markets on slide 11.,14,0.46502251094968344
Citigroup,2025-10-14,,"Revenues were up 15%, driven by growth across both Fixed Income and Equities.",2,0.2298132768290778
Citigroup,2025-10-14,,"Fixed Income revenues increased 12%, with; Rates and Currencies up 15%, largely driven by growth in Rates amid policy uncertainty and elevated client activity.",2,0.12343035283531636
Citigroup,2025-10-14,,"And Spread Products and Other Fixed Income was up 8%, largely driven by higher mortgage trading, higher financing activity and lower commodities activity.",2,0.24063201262570677
Citigroup,2025-10-14,,"Equities revenues were up 24%, driven by higher client activity in Derivatives and increased volumes in Cash, as well as continued momentum in Prime with balances up approximately 44%.",2,0.07844512781285416
Citigroup,2025-10-14,,"Expenses increased 5%, primarily driven by higher compensation and benefits along with the impact of FX translation.",5,0.3036749962404302
Citigroup,2025-10-14,,Transactional and product servicing expenses were down as growth in transaction volumes was more than offset by efficiency actions.,5,1.0
Citigroup,2025-10-14,,"Average loans increased 24%, primarily driven by financing activity in Spread Products.",6,1.0
Citigroup,2025-10-14,,Markets generated positive operating leverage for the sixth consecutive quarter and delivered net income of $1.6 billion with an RoTCE of 12.3% in the quarter and 13.5% year-to-date.,10,0.27881223168850156
Citigroup,2025-10-14,,Turning to Banking on slide 12.,14,1.0
Citigroup,2025-10-14,,"Revenues were up 34%, driven by growth in Corporate Lending and Investment Banking.",-1,0.0
Citigroup,2025-10-14,,"Investment Banking fees increased 17%, with growth across all products.",21,1.0
Citigroup,2025-10-14,,"M&A was up 8%, with momentum across several sectors, and with continued share gains with financial sponsors, and more sell-side activity.",-1,0.0
Citigroup,2025-10-14,,"ECM was up 35%, with growth across all products, notably in convertibles given the favorable environment.",2,0.19272874035234652
Citigroup,2025-10-14,,"And DCM was up 19%, driven by Leveraged Finance.",-1,0.0
Citigroup,2025-10-14,,"Corporate Lending revenues, excluding mark-to-market on loan hedges, increased 39%, driven by an increase in lending revenue share.",6,0.3004948714630759
Citigroup,2025-10-14,,"Expenses increased 2%, driven by higher volume-related transactional and product servicing expenses as well as compensation and benefits, which includes recent investments we’ve made in the business.",5,1.0
Citigroup,2025-10-14,,"Cost of credit was $157 million, which included a net ACL build of $148 million, driven by changes in portfolio composition, including exposure growth.",40,1.0
Citigroup,2025-10-14,,Banking generated positive operating leverage for the seventh consecutive quarter and delivered net income of $638 million with an RoTCE of 12.3% in the quarter and 10.7% year-to-date.,10,0.2624754039142712
Citigroup,2025-10-14,,Turning to Wealth on slide 13.,14,1.0
Citigroup,2025-10-14,,"Revenues were up 8%, driven by growth in Citigold and the Private Bank, partially offset by a decline in Wealth at Work.",2,1.0
Citigroup,2025-10-14,,"NII, which you can see on the bottom left side of the slide, increased 8%, driven by higher deposit spreads, partially offset by lower mortgage spreads.",1,1.0
Citigroup,2025-10-14,,"NIR increased 9%, driven by higher investment fee revenues, as we grew client investment assets by 14%, despite a reduction of approximately $33 billion related to the sale of our trust business.",1,1.0
Citigroup,2025-10-14,,"We had record net new investment assets of $18.6 billion in the quarter and over $52 billion in the last 12 months, representing approximately 9% organic growth.",-1,0.0
Citigroup,2025-10-14,,"Expenses increased 4%, driven by investments in technology and volume-related transactional and product servicing expenses, partially offset by continued productivity savings.",5,1.0
Citigroup,2025-10-14,,"End-of-period client balances continued to grow, up 8%.",-1,0.0
Citigroup,2025-10-14,,Average loans were up 1% as we continue to be strategic in deploying the balance sheet to support growth in client investment assets.,6,1.0
Citigroup,2025-10-14,,"Average deposits were flat, as operating outflows and a shift from deposits to higher-yielding investments on Citi’s platform were offset by net new deposits as well as client transfers from USPB.",15,0.4089937909819263
Citigroup,2025-10-14,,"Wealth had a pre-tax margin of 22%, generated positive operating leverage for the sixth consecutive quarter and delivered net income of $374 million with an RoTCE of 12.1% in the quarter and 12.5% year-to-date.",10,0.11516867937524627
Citigroup,2025-10-14,,Personal Banking on slide 14.,14,0.6907454289538374
Citigroup,2025-10-14,,"Revenues were up 7%, driven by growth in Branded Cards and Retail Banking, partially offset by a slight decline in Retail Services.",2,0.2404251749772768
Citigroup,2025-10-14,,"Branded Cards revenues increased 8%, driven by higher loan spreads, higher interest-earning balances, which were up 5%, and higher gross interchange, partially offset by higher rewards costs.",-1,0.0
Citigroup,2025-10-14,,"We continue to see strong customer engagement, with spend volume also up 5%.",-1,0.0
Citigroup,2025-10-14,,"Retail Banking revenues increased 30%, largely driven by the impact of higher deposit spreads and balances.",-1,0.0
Citigroup,2025-10-14,,"And Retail Services revenues were down 1%, largely driven by higher partner payment accruals.",2,1.0
Citigroup,2025-10-14,,"Expenses were flat, as lower advertising and marketing expenses as well as compensation and benefits were offset by higher volume-related transactional and product servicing expenses.",5,1.0
Citigroup,2025-10-14,,"Cost of credit was $1.8 billion, driven by net credit losses in cards.",40,1.0
Citigroup,2025-10-14,,"Average deposits increased 6%, as net new deposits were partially offset by the client transfers to Wealth that I mentioned earlier.",15,1.0
Citigroup,2025-10-14,,USPB generated positive operating leverage for the twelfth consecutive quarter and delivered net income of $858 million with an RoTCE of 14.5% in the quarter and 12.9% year-to-date.,10,0.28244435330724244
Citigroup,2025-10-14,,"Turning to slide 15, we show results for All Other on a managed basis, which includes Corporate/Other and Legacy Franchises and excludes divestiture-related items.",-1,0.0
Citigroup,2025-10-14,,"Revenues were down 16%, with a decline in Corporate/Other partially offset by an increase in Legacy Franchises.",2,1.0
Citigroup,2025-10-14,,"The decline in Corporate/Other was driven by lower NII, resulting from actions we have taken over the past few quarters to reduce the asset sensitivity of the firm in a declining rate environment, as well as lower NIR.",1,0.5683190575796766
Citigroup,2025-10-14,,"Growth in Legacy Franchises was driven by Mexico, which included the impact of Mexican peso appreciation, partially offset by the impact of continued reduction from our exit and wind-down markets.",2,0.20531017140594968
Citigroup,2025-10-14,,"Expenses increased 4%, with growth in Corporate/Other, which included higher severance, largely offset by a decline in Legacy Franchises.",5,0.2779305661142511
Citigroup,2025-10-14,,"And cost of credit was $331 million, primarily consisting of net credit losses of $297 million, driven by consumer loans in Mexico.",40,1.0
Citigroup,2025-10-14,,"As you can see on the bottom right side of the slide, divestiture related expense items in the quarter included the $726 million goodwill impairment, which is capital neutral and based on the fair value of 100% of the entity.",-1,0.0
Citigroup,2025-10-14,,On slide 16 we provide an overview of the agreement with Fernando Chico Pardo to purchase a 25% equity stake in Banamex.,34,1.0
Citigroup,2025-10-14,,This transaction progresses the overall timeline to exit Banamex but is subject to certain closing conditions and local regulatory approvals.,34,1.0
Citigroup,2025-10-14,,"Before I walk through the financial impacts related to this stake at closing, I’d like to ensure you understand the net capital impact at a full exit.",34,1.0
Citigroup,2025-10-14,,"The cumulative capital benefit to Citi upon full exit will be driven by two things, one, the capital release associated with the RWA reduction and, two,the cumulative impact of any potential gains and losses on sales.",34,0.4746317187196042
Citigroup,2025-10-14,,"However, between now and then, there will be a few steps to get there.",-1,0.0
Citigroup,2025-10-14,,And it starts with this transaction.,-1,0.0
Citigroup,2025-10-14,,"So, looking at the righthand side of the page, at the time of close and subject to the book value of Banamex at closing, we expect assets to increase by approximately $2.3 billion for the total consideration paid for the 25% stake, which reflects the fixed price-to-book value multiple of 0.80.",34,1.0
Citigroup,2025-10-14,,"And total equity will also increase by a net $2.3 billion, but it will be driven by a few factors.",-1,0.0
Citigroup,2025-10-14,,"First, there will be a temporary benefit to stockholders’ equity due to the reclassification of the negative cumulative translation adjustment from stockholders’ equity to noncontrolling interest, which will be slightly offset by the loss on sale.",34,1.0
Citigroup,2025-10-14,,"Second, the non-controlling interest will increase by the 25% of the Banamex book value sold, but this will be largely offset by the CTA that was reclassified as part of this transaction.",34,1.0
Citigroup,2025-10-14,,"So net net – a $2.3 billion increase in assets, and on the equity side, a $1.8 billion increase in stockholders’ equity and a $500 million increase in non-controlling interest.",-1,0.0
Citigroup,2025-10-14,,"At deconsolidation, there will be balance sheet impacts and P&L impacts.",34,0.17626956942624622
Citigroup,2025-10-14,,"As it relates to the balance sheet, all of Banamex’s assets and liabilities will be removed from our balance sheet and be partially offset by any remaining equity stake.",34,1.0
Citigroup,2025-10-14,,"In terms of the P&L, the entire amount of the cumulative translation adjustment related to Banamex, which is approximately $9 billion, will flow through the P&L as a loss, and will reverse the temporary capital benefit from prior sales.",34,1.0
Citigroup,2025-10-14,,"Therefore at deconsolidation, the cumulative impact of CTA is capital neutral.",34,0.17472452624009058
Citigroup,2025-10-14,,"So, to wrap it up, while there are a number of accounting nuances between now and full exit, the cumulative capital impact to Citi will be the full release of RWA associated with Banamex and the cumulative impact of any potential gains and losses on sales.",34,1.0
Citigroup,2025-10-14,,Turning to the full year 2025 outlook on slide 17.,-1,0.0
Citigroup,2025-10-14,,"Before I get into the outlook, I want to say how proud I am of the company as we execute against our strategy and drive top-line revenue growth which continues to be fueled by our investments across the businesses and in key areas such as technology and data.",-1,0.0
Citigroup,2025-10-14,,"We’ve made significant progress in terms of improving returns, with an adjusted year-to-date RoTCE of 9.2%.",46,1.0
Citigroup,2025-10-14,,"So now with regard to the outlook, given the very strong year-to-date top-line revenue growth of 7%, we remain confident in our ability to exceed $84 billion in revenues for the year.",26,1.0
Citigroup,2025-10-14,,"We now expect NII ex-Markets to be up around 5.5% for the full year, incorporating stronger performance as well as the impact of FX relative to our previous expectations.",1,0.6134976091698008
Citigroup,2025-10-14,,"For NIR ex-Markets, we expect continued momentum in underlying fee drivers.",1,0.21182703714521514
Citigroup,2025-10-14,,"And in Markets, historically we have seen revenues decline 15-20% from the third to the fourth quarter, however given the strong performance in the third quarter, the sequential decline could exceed that range this year.",-1,0.0
Citigroup,2025-10-14,,"Now turning to expenses, our year-to-date expense base incorporates both the level and mix of revenue we’ve seen, as well as the impact of FX.",35,0.17104755227081747
Citigroup,2025-10-14,,"And given what I just mentioned about revenues, full year expenses will come in higher than we previously guided.",-1,0.0
Citigroup,2025-10-14,,"However you should expect the efficiency ratio for the full year to be consistent with the revenue and expense guidance that we’ve provided during the course of the year, which is slightly below 64%, excluding the impact of the goodwill impairment this quarter.",-1,0.0
Citigroup,2025-10-14,,"In terms of credit, our expectations for the year remain unchanged.",-1,0.0
Citigroup,2025-10-14,,And we will continue to repurchase shares in the fourth quarter under our $20 billion program.,8,0.7517893608364118
Citigroup,2025-10-14,,"As we take a step back, the performance in the quarter, and so far this year, represent significant progress towards our goal of improved firmwide and business performance.",37,1.0
Citigroup,2025-10-14,,"We remain steadfast and focused on executing on our transformation, achieving our RoTCE target of 10 to 11% next year and further improving returns over time.",46,1.0
Citigroup,2025-10-14,,"And with that, Jane and I would be happy to take your questions.",32,1.0
Citigroup,2026-01-14,,Good morning and thank you all for joining our Fourth Quarter 2025 earnings call.,-1,0.0
Citigroup,2026-01-14,,"I am joined today by our [Chair and] Chief Executive Officer, Jane Fraser, and our Chief Financial Officer, Mark Mason.",18,0.04835549386156158
Citigroup,2026-01-14,,"I’d like to remind you that today’s presentation, which is available for download on our website, citigroup.com, may contain forward-looking statements which are based on management’s current expectations and are subject to uncertainty and changes in circumstances.",3,0.06826087022401651
Citigroup,2026-01-14,,"Actual results may differ materially from these statements due to a variety of factors, including those described in our earnings materials as well as in our SEC filings.",3,0.2520891576788927
Citigroup,2026-01-14,,"And with that, I’ll turn it over to Jane.",32,1.0
Citigroup,2026-01-14,,"Thank you, Jenn, and good morning to everyone.",38,1.0
Citigroup,2026-01-14,,"This morning, we reported another strong quarter to close out what was a very good year of progress indeed.",37,0.3366942227646334
Citigroup,2026-01-14,,"We got a tremendous amount accomplished in 2025, and I am proud of our team.",9,0.12321133171751883
Citigroup,2026-01-14,,"That said, and we have always been clear about this, we are on a multi-year journey, and we remain focused on executing our strategy and transformation.",7,0.20451833333646602
Citigroup,2026-01-14,,And I am excited to update you on our progress in greater detail and to outline the next phase of our journey at our Investor Day on May the 7th.,29,1.0
Citigroup,2026-01-14,,"In terms of the quarter, excluding the impact of a notable item, our adjusted EPS was $1.81, and our adjusted RoTCE was 7.7%.",47,1.0
Citigroup,2026-01-14,,"For the full year, our returns improved to 8.8%, a 180-basis point improvement after adjusting for Banamex and Russia, and adjusted net income surpassed $16 billion.",33,1.0
Citigroup,2026-01-14,,"With adjusted revenues up 7%, we delivered positive operating leverage in every one of our five businesses, as well as the firm overall for the second straight year.",10,1.0
Citigroup,2026-01-14,,Each business had record revenues and improved their returns by between 250 and 800 basis points.,33,1.0
Citigroup,2026-01-14,,"Services continued to deliver, with revenues up 8% and an RoTCE of over 28% for the year.",2,0.055056731967155964
Citigroup,2026-01-14,,"Fee revenue grew by 6% and cross-border transaction value by 10%, as we deepened client relationships and supported them across our global network.",17,1.0
Citigroup,2026-01-14,,Securities Services assets under custody and administration grew 24% as a result of existing client growth and the onboarding of new client assets.,-1,0.0
Citigroup,2026-01-14,,"We continue to innovate to provide our clients with always-on, cross-border, multi-bank solutions.",-1,0.0
Citigroup,2026-01-14,,"In 2025, we integrated Citi Token Services with 24/7 U.S.",-1,0.0
Citigroup,2026-01-14,,"dollar clearing, launched in Hong Kong and Dublin, and added euro as a transaction currency.",-1,0.0
Citigroup,2026-01-14,,We also expanded our industry leading Citi Payments Express to 22 markets and it processed 40% of TTS’ payments during the fourth quarter.,15,0.12281929165142871
Citigroup,2026-01-14,,"In October, we began the journey to a unified custody infrastructure and enabling near real-time asset servicing by launching Single Event Processing.",-1,0.0
Citigroup,2026-01-14,,All the investments we have made have translated to growth and strong market share gains.,13,0.04198317720100689
Citigroup,2026-01-14,,"Markets delivered record revenues, even surpassing our 2020 performance.",-1,0.0
Citigroup,2026-01-14,,"Combined with better capital efficiency, RoTCE increased to 11.6%.",46,1.0
Citigroup,2026-01-14,,Fixed Income was up 10% despite a challenging year for us in Commodities.,2,0.2939700641139455
Citigroup,2026-01-14,,"Equities revenues of $5.7 billion was also a record, with an over 50% increase in prime balances as that business continues to gain share.",-1,0.0
Citigroup,2026-01-14,,"Banking had a record year, including the best quarter and year for M&A revenues in Citi’s history, as we gained share in our target sectors as well as in Leveraged Finance and with Sponsors resulting in an 11.3% RoTCE.",-1,0.0
Citigroup,2026-01-14,,"Citi had a role in 15 out of the 25 largest investment banking transactions of the year and advised Boeing, Pfizer, Nippon Steel, Mars, Johnson & Johnson, Blackstone and TPG.",18,0.36996646663168314
Citigroup,2026-01-14,,This all drove a 30-basis point year-over-year increase in our investment banking wallet share.,21,1.0
Citigroup,2026-01-14,,"Overall, revenues were up 32% whilst keeping expenses flat, showing the discipline we are applying to this business.",-1,0.0
Citigroup,2026-01-14,,"Wealth delivered another year of strong performance in 2025, including 14% revenue growth, 8% organic NNIA growth and an RoTCE of over 12%.",-1,0.0
Citigroup,2026-01-14,,"It’s a direct result of the strategy we’ve executed over the past two years, attracting and retaining industry-leading talent and driving better operating efficiency that’s allowed us to invest in key growth areas.",11,0.05398559612018676
Citigroup,2026-01-14,,And that includes notable partnerships with industry leaders such as BlackRock that have enhanced our open architecture platform and are elevating the client experience.,-1,0.0
Citigroup,2026-01-14,,The integration of the retail bank into Wealth makes it easier to deepen share with existing clients and unifies our U.S.,-1,0.0
Citigroup,2026-01-14,,"USPB’s returns more than doubled for the year, reaching mid-teens, driven by continued product innovation, solid customer engagement and our high-quality card portfolio.",-1,0.0
Citigroup,2026-01-14,,"Branded Cards revenue grew 8% driven by robust engagement from customers in spend, borrowing and new account acquisitions across our proprietary offerings, and our American Airlines and Costco partnerships.",-1,0.0
Citigroup,2026-01-14,,"While Retail Services showed some revenue softness, the business’s returns remain solid.",-1,0.0
Citigroup,2026-01-14,,"In terms of capital, we repurchased over $13 billion in common shares during the year, including $4.5 billion in the fourth quarter as part of our $20 billion plan.",8,1.0
Citigroup,2026-01-14,,"Increasing our dividend resulted in a total capital return of over $17.5 billion, the most since the pandemic.",8,0.3575125421105136
Citigroup,2026-01-14,,"We ended the year with a CET1 [Capital] ratio of 13.2%, which is 160 basis points above our regulatory capital requirement.",12,1.0
Citigroup,2026-01-14,,So we have ample capital to support our growth and will continue to return excess capital to our shareholders.,13,1.0
Citigroup,2026-01-14,,We reached some significant milestones in terms of our simplification as we near the end of our international divestitures.,7,0.25733246027786777
Citigroup,2026-01-14,,"We signed an agreement to sell our consumer business in Poland, and we are receiving final approvals to sell our remaining operations in Russia.",-1,0.0
Citigroup,2026-01-14,,"And just three months after announcing it, we closed the sale of a 25% stake of Banamex to one of Mexico’s most prominent investors.",34,1.0
Citigroup,2026-01-14,,We have made significant progress in terms of our transformation.,7,0.31158143402181526
Citigroup,2026-01-14,,"Over 80% of our programs are now at or nearly at our target state and, while there is more work to do, I am very pleased with how far we have come as evidenced by the OCCs removal of Article 17 of the Consent Order in December.",-1,0.0
Citigroup,2026-01-14,,"When combined with how we are deploying AI, this bank is being truly transformed in terms of its operational capabilities, its controls and its tech infrastructure compared to five years ago.",4,0.017903080438643724
Citigroup,2026-01-14,,"But we are also building AI into the processes that move money, manage risk and serve clients.",4,1.0
Citigroup,2026-01-14,,"Colleagues in 84 countries have now interacted with our proprietary tools over 21 million times, and we continue to see adoption increase and it is now above 70%.",-1,0.0
Citigroup,2026-01-14,,"With much of our transformation behind us, we are shifting our focus to how we can use AI tools and automation to further innovate, re-engineer and simplify our processes beyond risk and controls to improve client experience whilst reducing expenses.",4,0.7929262227497287
Citigroup,2026-01-14,,"We have started with just over 50 of the largest and most complex processes in the firm, ranging from KYC to loan underwriting, and we’re moving with speed to systematically implement modern and efficient solutions.",-1,0.0
Citigroup,2026-01-14,,"Turning to the macro, the global economy has powered through many shocks over the past few years, creating optimism and confidence that economic growth is poised to continue.",22,1.0
Citigroup,2026-01-14,,"With inflation now at normal levels globally, almost every central bank is becoming more accommodating.",-1,0.0
Citigroup,2026-01-14,,And while the labor market in the U.S.,22,0.4297306024343217
Citigroup,2026-01-14,,"has softened, capital investment remains strong, especially in tech.",13,1.0
Citigroup,2026-01-14,,"And it’s the combination of that CapEx, the health of the consumer, the tax bill benefits and anticipated rate cuts that should be enough to sustain growth.",-1,0.0
Citigroup,2026-01-14,,China is relying on exports to grow and compensate for slower domestic consumer demand.,-1,0.0
Citigroup,2026-01-14,,"And Europe has taken some steps to accelerate its anemic growth, and we are hopeful that Germany can create a meaningful stimulus.",-1,0.0
Citigroup,2026-01-14,,We have shown that our strategy can deliver results in different environments.,7,1.0
Citigroup,2026-01-14,,"Our corporate clients are in great financial shape and, as you know, are predominantly investment grade in terms of credit quality.",-1,0.0
Citigroup,2026-01-14,,We are very well positioned to continue to help them navigate an eventful geopolitical environment whether through our balance sheet or expertise developed from being on the ground in almost 100 countries.,7,1.0
Citigroup,2026-01-14,,"So, we enter 2026 with visible momentum across the firm.",9,0.15247413489987585
Citigroup,2026-01-14,,"You see it quarter after quarter in the business performance, the improvement in our risk and control environment, investments in innovation, our ability to attract top talent and the pace of capital return.",37,1.0
Citigroup,2026-01-14,,"As I told our people at a town hall in December, this was the year we changed the conversation around Citi.",18,1.0
Citigroup,2026-01-14,,We are now decidedly on the front foot.,7,1.0
Citigroup,2026-01-14,,But we aren’t taking any victory laps.,7,0.12663609988560146
Citigroup,2026-01-14,,"We are intensely focused on completing our transformation and maintaining our trajectory to deliver the 10% to 11% RoTCE we have spoken to you about, as well as another year of positive operating leverage.",46,1.0
Citigroup,2026-01-14,,Those are our top priorities for this year.,-1,0.0
Citigroup,2026-01-14,,"And we are really looking forward to hosting you for Investor Day, where we will lay out how we will take our strategy forward and our path for improving our returns in a sustainable manner.",29,1.0
Citigroup,2026-01-14,,"As you’ll see, we are just getting started in capturing the upside in front of us.",7,0.5347094153866248
Citigroup,2026-01-14,,"Now before I turn over to Mark, I want to say a few things about him.",39,0.19632633976640312
Citigroup,2026-01-14,,"As you know this is Mark’s last call as CFO, and he has done a fantastic job for us as I know you would all agree.",-1,0.0
Citigroup,2026-01-14,,"He helped guide the bank through the pandemic, provided continuity during my transition to CEO and has driven a significant part of the remediation work for the consent orders.",-1,0.0
Citigroup,2026-01-14,,"Through it all, he has been a level source of strength and wisdom.",7,0.10287209136296699
Citigroup,2026-01-14,,"There are few people as responsible for where Citi stands today, especially in terms of its financial performance as Mark, and I wanted to take a moment to thank him for all that he has done for our firm.",18,1.0
Citigroup,2026-01-14,,Gonzalo has big shoes to fill indeed.,-1,0.0
Citigroup,2026-01-14,,"And with that, I will turn it over to Mark, and then we would both be happy to take your questions.",32,1.0
Citigroup,2026-01-14,,"Thanks, Jane and good morning, everyone.",38,1.0
Citigroup,2026-01-14,,"I am going to start with the firmwide fourth quarter and full-year financial results, focusing on year-over-year comparisons unless I indicate otherwise, then review the performance of our businesses in greater detail, and close with our current expectations for 2026.",-1,0.0
Citigroup,2026-01-14,,"On slide 7, we show financial results for the full firm.",3,0.5938091097048676
Citigroup,2026-01-14,,"This quarter we reported net income of $2.5 billion, EPS of $1.19 and an RoTCE of 5.1% on $19.9 billion of revenues, generating positive operating leverage for the majority of our five businesses.",10,0.09251962502250269
Citigroup,2026-01-14,,"On an adjusted basis, which excludes the notable item consisting of the impact of the held-for-sale accounting treatment of Citi’s remaining operations in Russia, we reported net income of $3.6 billion, EPS of $1.81 and an RoTCE of 7.7%.",20,0.43570846787896617
Citigroup,2026-01-14,,"Total revenues were up 2%, driven by growth in Banking, Services, USPB and Wealth, primarily offset by a decline in All Other.",2,1.0
Citigroup,2026-01-14,,"Adjusted for the Russia notable item, revenues were up 8%.",2,0.09586246323697623
Citigroup,2026-01-14,,"Net interest income excluding Markets, which you can see on the bottom left side of the slide, was also up 8%, driven by Services, USPB, Legacy Franchises, Wealth and Banking, partially offset by a decline in Corporate/Other.",2,0.14744429736017708
Citigroup,2026-01-14,,Non-interest revenues excluding Markets were down 17%.,2,0.24382794323029278
Citigroup,2026-01-14,,"However, adjusted for the Russia notable item, non-interest revenues excluding Markets were up 23%, driven by better results in Banking and All Other, partially offset by declines in Services, USPB and Wealth.",2,0.20225137917822414
Citigroup,2026-01-14,,And total Markets revenues were down 1%.,2,1.0
Citigroup,2026-01-14,,"Expenses of $13.8 billion were up 6%, driven by increases in compensation and benefits, tax charges, legal expenses as well as technology, partially offset by productivity savings and lower deposit insurance expenses.",5,0.06341605227922029
Citigroup,2026-01-14,,"Cost of credit was $2.2 billion, primarily consisting of net credit losses in U.S.",40,1.0
Citigroup,2026-01-14,,"And for the full year, we generated positive operating leverage for the firm and each of our five businesses, with $14.3 billion of net income, up 13%, with an RoTCE of 7.7% on a reported basis.",10,0.3949618804612795
Citigroup,2026-01-14,,"And adjusted for the Russia notable item this quarter, as well as the goodwill impairment related to Banamex in the third quarter, we delivered $16.1 billion of net income, up 27% versus the prior year, with an RoTCE of 8.8%.",-1,0.0
Citigroup,2026-01-14,,"On slide 8, we show the full year revenue trend by business from 2021 to 2025.",-1,0.0
Citigroup,2026-01-14,,"This year, we reported revenue of $85.2 billion.",-1,0.0
Citigroup,2026-01-14,,"Adjusted for the Russia notable item and excluding divestiture-related impacts, revenues of $86.6 billion were up 7%, our strongest growth in over a decade.",2,0.057987517557499445
Citigroup,2026-01-14,,"With each of our businesses achieving record revenues, 2025 demonstrates another year of our investments in the franchise driving solid top-line growth.",-1,0.0
Citigroup,2026-01-14,,"And it is worth noting, that since 2021, we have generated a compound annual revenue growth rate of 4% on a reported basis, 5% adjusted for the Russia notable item this year and excluding divestiturerelated impacts.",2,0.051708607974110476
Citigroup,2026-01-14,,"And 6% excluding Legacy Franchises, which has declined by over $2 billion over that period.",2,0.4171449744819049
Citigroup,2026-01-14,,"On slide 9, we show the full year expense trend from 2021 to 2025.",-1,0.0
Citigroup,2026-01-14,,"This year, we reported expenses of $55.1 billion.",5,0.03531641363500758
Citigroup,2026-01-14,,"Excluding the Banamex Goodwill Impairment in the third quarter, expenses were $54.4 billion.",-1,0.0
Citigroup,2026-01-14,,"The increase in reported expenses was driven by higher compensation and benefits, the Banamex goodwill impairment, technology and communications and transactional and product servicing expenses, partially offset by lower deposit insurance expenses and restructuring charges.",5,1.0
Citigroup,2026-01-14,,"As you can see on the bottom right side of the slide, the increase in compensation and benefits was driven by performance-related compensation, higher severance, which totaled approximately $800 million for the year, and investments in technology, with productivity and stranded cost reduction partially offsetting continued investments in the businesses.",5,0.20182834887291817
Citigroup,2026-01-14,,"And as you can see on the bottom left side of the slide, we have been reducing headcount, and we expect that trend to continue.",-1,0.0
Citigroup,2026-01-14,,"As we take a step back and look at the trajectory of our expense base, over the past five years we have invested significantly in the transformation and technology to modernize our infrastructure, simplify and automate our processes, and enhance and streamline our data.",-1,0.0
Citigroup,2026-01-14,,"At the same time, we have incurred restructuring and severance charges to simplify our organizational structure and invested in the businesses to drive top-line revenue growth in a disciplined way.",5,0.0891347014443394
Citigroup,2026-01-14,,"We continue to see the benefits of these investments play through this year, with continued productivity saves as well as revenue growth, both contributing to an improvement in our firmwide efficiency ratio to 63.0% on an adjusted basis.",-1,0.0
Citigroup,2026-01-14,,"On slide 10, we show consumer and corporate credit metrics.",-1,0.0
Citigroup,2026-01-14,,"As I mentioned, the firm’s cost of credit was $2.2 billion, primarily consisting of net credit losses in U.S.",40,1.0
Citigroup,2026-01-14,,"Our reserves continue to incorporate an 8- quarter weighted average unemployment rate of 5.2%, which includes a downside scenario average unemployment rate of nearly 7%.",15,0.08801121399543715
Citigroup,2026-01-14,,"At the end of the quarter, we had over $21 billion in total reserves with a reserve-to-funded loans ratio of 2.6%.",-1,0.0
Citigroup,2026-01-14,,"We continue to maintain a high credit quality card portfolio, with approximately 85% to consumers with FICO scores of 660 or higher, and a reserve to funded loan ratio in our card portfolio of 7.7%.",31,1.0
Citigroup,2026-01-14,,And it’s worth noting that across our U.S.,-1,0.0
Citigroup,2026-01-14,,"cards portfolios, delinquency and NCL rates continue to perform in line with our expectations.",31,1.0
Citigroup,2026-01-14,,"Looking at the right-hand side of the slide, you can see that our corporate exposure is primarily investment grade, and in the quarter, corporate non-accrual loans, as well as corporate net credit losses, remained low.",-1,0.0
Citigroup,2026-01-14,,"We feel good about the high-quality nature of our portfolios, which reflect our risk appetite framework and our focus on using the balance sheet in the context of the overall client relationship.",-1,0.0
Citigroup,2026-01-14,,"Turning to capital and the balance sheet on slide 11, where I will speak to sequential variances.",-1,0.0
Citigroup,2026-01-14,,"Our $2.7 trillion balance sheet increased 1%, driven by growth in loans, partially offset by a decline in investments.",6,0.16527448550542742
Citigroup,2026-01-14,,"Net end-of-period loans increased 3%, driven by growth in USPB and Markets.",6,1.0
Citigroup,2026-01-14,,"Our $1.4 trillion deposit base remains well-diversified and increased 1%, driven by growth in Services, partially offset by a decline in Corporate/Other.",15,0.4304885892223285
Citigroup,2026-01-14,,We reported a 115% average LCR and maintained over $1 trillion of available liquidity resources.,-1,0.0
Citigroup,2026-01-14,,"We ended the quarter with a preliminary 13.2% Standardized CET1 Capital ratio, approximately 160 basis points above our 11.6% regulatory capital requirement, which reflects a 3.6% stress capital buffer.",12,0.4411021715861507
Citigroup,2026-01-14,,"As we’ve said in the past, we remain very focused on the efficient utilization of both Standardized and Advanced RWA while providing the businesses with the capital needed to pursue accretive returns.",45,1.0
Citigroup,2026-01-14,,"And we will continue to prioritize returning capital to shareholders through buybacks, as evidenced by the $4.5 billion of buybacks in the fourth quarter and over $13 billion for the year against our $20 billion buyback program.",8,1.0
Citigroup,2026-01-14,,"Turning to the businesses on slide 12, we show the results for Services in the fourth quarter and full year.",3,0.11816780887030531
Citigroup,2026-01-14,,"Reported revenues were up 15%, and 8% adjusted for the Russia notable item, driven by growth across both TTS and Securities Services.",2,0.08510954473250443
Citigroup,2026-01-14,,"NII increased 18%, primarily driven by higher average deposit balances and deposit spreads.",1,0.6702995607217098
Citigroup,2026-01-14,,"NIR increased 10% on a reported basis, and declined 11% adjusted for the Russia notable item, as higher lending revenue share outpaced total fee growth of 13%, which you can see on the bottom left side of the slide.",1,1.0
Citigroup,2026-01-14,,We continue to see strong activity and engagement with corporate and commercial clients and momentum across underlying fee drivers.,-1,0.0
Citigroup,2026-01-14,,"Cross-border transaction value increased 14%, U.S.",17,0.5470708150634421
Citigroup,2026-01-14,,"dollar clearing volume increased 3% and assets under custody and administration increased 24%, which includes the impact of market valuations, as we continue to deepen with existing clients and onboard new clients and assets.",-1,0.0
Citigroup,2026-01-14,,"Expenses increased 9%, primarily driven by higher technology expenses, compensation and benefits, as well as volume-related expenses.",5,1.0
Citigroup,2026-01-14,,"Average loans increased 10%, driven by continued demand for trade loans, in particular export agency finance and working capital loans.",6,1.0
Citigroup,2026-01-14,,"Average deposits increased 11%, with growth across both International and North America, largely driven by an increase in operating deposits.",15,1.0
Citigroup,2026-01-14,,Services delivered net income of $2.2 billion with an RoTCE of 36.1% in the quarter and 28.6% for the full year.,20,1.0
Citigroup,2026-01-14,,Turning to Markets on slide 13.,14,0.5060369075862288
Citigroup,2026-01-14,,Revenues were down 1% against the best fourth quarter in a decade last year.,-1,0.0
Citigroup,2026-01-14,,"Fixed Income revenues were down 1%, with Rates and Currencies flat and Spread Products and Other Fixed Income down 1%.",2,0.3566586754281003
Citigroup,2026-01-14,,"Equities revenues were also down 1%, as growth in Prime Services, with balances up more than 50%, which includes the impact of market valuations, as well as Derivatives, was more than offset by a decline in Cash, against a strong prior year quarter.",2,1.0
Citigroup,2026-01-14,,"Expenses increased 14%, primarily driven by higher legal expenses, compensation and benefits, technology and volume-related expenses.",5,1.0
Citigroup,2026-01-14,,"Cost of credit was a benefit of $104 million, primarily consisting of a net ACL release resulting from a refinement of loss assumptions for certain portfolios in Spread Products.",40,1.0
Citigroup,2026-01-14,,"Average loans increased 25%, primarily driven by financing activity in Spread Products.",6,1.0
Citigroup,2026-01-14,,Markets delivered net income of $783 million with an RoTCE of 6.2% in the quarter and 11.6% for the full year.,20,1.0
Citigroup,2026-01-14,,Turning to Banking on slide 14.,14,1.0
Citigroup,2026-01-14,,"Revenues were up 78%, driven by growth in Corporate Lending and Investment Banking.",-1,0.0
Citigroup,2026-01-14,,Investment Banking fees increased 35%.,21,0.7136990197975482
Citigroup,2026-01-14,,"M&A was up 84%, reflecting a record quarter that closed a record year, with momentum across several sectors and continued share gains.",-1,0.0
Citigroup,2026-01-14,,"DCM was up 19%, driven by investment grade and leverage finance debt, partially offset by lower participation in loans.",-1,0.0
Citigroup,2026-01-14,,"And while ECM was down 16%, driven by lower participation in follow-ons, this was partially offset by a continuation of the IPO market recovery supported by favorable market conditions.",2,1.0
Citigroup,2026-01-14,,"Corporate Lending revenues, excluding mark-to-market on loan hedges, increased significantly, driven by an increase in lending revenue share.",6,0.25982982175536695
Citigroup,2026-01-14,,"Expenses increased 10%, driven by higher compensation and benefits, which includes recent investments we’ve made in the business.",5,1.0
Citigroup,2026-01-14,,"Cost of credit was $176 million, which included a net ACL build driven by changes in portfolio composition, including credit quality and exposure growth.",40,1.0
Citigroup,2026-01-14,,Banking generated positive operating leverage for the eighth consecutive quarter and delivered net income of $685 million with an RoTCE of 13.2% in the quarter and 11.3% for the full year.,10,0.16778972116698632
Citigroup,2026-01-14,,Turning to Wealth on slide 15.,14,1.0
Citigroup,2026-01-14,,"Revenues were up 7%, driven by growth in Citigold and the Private Bank, partially offset by a decline in Wealth at Work.",2,1.0
Citigroup,2026-01-14,,"NII, which you can see on the bottom left side of the slide, increased 12%, driven by higher deposit spreads and average balances, partially offset by lower mortgage spreads.",1,1.0
Citigroup,2026-01-14,,"Net new investment asset flows slowed to $7.2 billion in the quarter, consistent with typical seasonality, and we continued to see growth in client investment assets, which were up 14%, including the impact of market valuations, with net new investment assets for the full year representing approximately 8% organic growth.",-1,0.0
Citigroup,2026-01-14,,"Expenses increased 6%, primarily driven by investments in technology and volume and other revenue-related expenses.",5,1.0
Citigroup,2026-01-14,,"End-of-period client balances continued to grow, up 9%.",-1,0.0
Citigroup,2026-01-14,,"Average loans were up 1%, as we continue to grow securities-based lending and deploy balance sheet to support clients with a focus on shareholder returns.",6,1.0
Citigroup,2026-01-14,,"Average deposits were also up 1%, as client transfers from USPB as well as net new deposits were primarily offset by operating outflows and a shift from deposits to higher-yielding investments on Citi’s platform.",15,0.2630892910851181
Citigroup,2026-01-14,,"Wealth had a pre-tax margin of 21%, generated positive operating leverage for the seventh consecutive quarter and delivered net income of $338 million with an RoTCE of 10.9% in the quarter and 12.1% for the full year.",10,0.18575249304830066
Citigroup,2026-01-14,,Personal Banking on slide 16.,14,0.606381180030868
Citigroup,2026-01-14,,"Revenues were up 3%, driven by growth in Branded Cards and Retail Banking, partially offset by a decline in Retail Services.",2,0.1499860273105269
Citigroup,2026-01-14,,"Branded Cards revenues increased 5%, driven by higher loan spreads, interest-earning balances, which were up 4%, and gross interchange fees largely offset by higher rewards costs, as customer engagement remained robust, with acquisitions up 20% and spend volume up 5%.",-1,0.0
Citigroup,2026-01-14,,"Retail Services revenues were down 7%, primarily driven by lower interest-earning balances and lower loan spreads.",2,1.0
Citigroup,2026-01-14,,"While growth has been impacted by foot traffic and sales at some of our partners, we continue to see strong returns across the Retail Services portfolio.",-1,0.0
Citigroup,2026-01-14,,"And Retail Banking revenues increased 21%, driven by the impact of higher deposit spreads and average balances.",-1,0.0
Citigroup,2026-01-14,,"Expenses increased 2%, driven by higher transactional and marketing expenses to support acquisitions and customer engagement, partially offset by a reduction in other expenses.",5,0.3623462821639739
Citigroup,2026-01-14,,"Cost of credit was $1.7 billion, driven by net credit losses in cards.",40,0.3707244543582169
Citigroup,2026-01-14,,"For the full year, net credit losses in each of our cards portfolios were at or below the low end of our guided ranges, with Branded Cards at 3.60% and Retail Services at 5.73%.",31,1.0
Citigroup,2026-01-14,,"Average deposits increased 2%, as net new deposits were primarily offset by the client transfers to Wealth that I mentioned earlier.",15,1.0
Citigroup,2026-01-14,,USPB generated positive operating leverage for the thirteenth consecutive quarter and delivered net income of $845 million with an RoTCE of 14.3% in the quarter and 13.2% for the full year.,10,0.24265347005422208
Citigroup,2026-01-14,,"Turning to slide 17, we show results for All Other on a managed basis, which includes Corporate/Other and Legacy Franchises and excludes divestiture-related items.",3,0.11098851344743912
Citigroup,2026-01-14,,Revenues declined across Legacy Franchises and Corporate/Other.,2,0.24783180352646414
Citigroup,2026-01-14,,"The decline in Legacy Franchises was driven by the impact of the Russia notable item as well as the continued reduction of revenue from our exit and wind-down markets, partially offset by growth in Mexico.",2,0.1814327955608691
Citigroup,2026-01-14,,"The decline in Corporate/Other was driven by lower NII, due to a lower benefit from cash and securities reinvestment, driven by actions taken over the last few quarters to reduce Citi’s asset sensitivity in a declining interest rate environment.",1,0.5969024637412547
Citigroup,2026-01-14,,"Expenses were down 6%, with a decline in Legacy Franchises partially offset by growth in Corporate/Other.",2,0.2512975864063975
Citigroup,2026-01-14,,"And cost of credit was $449 million, primarily consisting of net credit losses of $341 million, driven by consumer loans in Mexico.",40,1.0
Citigroup,2026-01-14,,"Turning to our current expectations for 2026, starting with net interest income excluding Markets on slide 19.",-1,0.0
Citigroup,2026-01-14,,"Following solid growth of nearly 6% in 2025, we expect NII ex-Markets to be up between 5% and 6% in 2026.",1,1.0
Citigroup,2026-01-14,,"As you can see on the left-hand side of the page we expect most of the increase to come from volume growth and mix, primarily driven by higher loan volumes in cards and Wealth, and deposit volumes in Services and Wealth.",-1,0.0
Citigroup,2026-01-14,,"And we expect a continued benefit from our investment portfolio, including fixed-rate securities and derivatives rolling into higher-yielding instruments, partially offset by declining U.S.",-1,0.0
Citigroup,2026-01-14,,"Overall, we expect the drivers of NII ex-Markets growth in 2026 to be consistent with those in 2025.",1,1.0
Citigroup,2026-01-14,,"Turning to slide 20, we show our outlook for operating efficiency and the drivers of our expense base in 2026.",-1,0.0
Citigroup,2026-01-14,,"In terms of expenses, we will continue to invest in our businesses to support continued top-line revenue growth, and expect higher volume and other revenue-related expenses, with capacity generated from productivity savings from our prior investments, reduction of transformation expenses, continued reduction in stranded costs, as well as a lower level of severance versus 2025.",-1,0.0
Citigroup,2026-01-14,,"We expect our disciplined expense management, combined with top-line revenue momentum, will drive another year of positive operating leverage as we target an efficiency ratio of around 60% for the full year.",10,0.35284102199863804
Citigroup,2026-01-14,,On slide 21 we show a summary of our expectations for 2026.,9,1.0
Citigroup,2026-01-14,,"In addition to our outlooks for NII ex-Markets and efficiency ratio, we expect continued fee momentum across the businesses to drive growth in NIR exMarkets.",1,0.3855613159079416
Citigroup,2026-01-14,,"In terms of credit, we expect card NCLs to remain within the ranges that we gave for 2025.",31,1.0
Citigroup,2026-01-14,,"We will continue to provide the businesses with the capital needed to pursue accretive returns, while we optimize our Standardized and Advanced RWA and capital usage.",45,0.11739507079522506
Citigroup,2026-01-14,,"And we will, of course, continue to buy back shares against our $20 billion buyback program.",8,1.0
Citigroup,2026-01-14,,"Now before we take your questions, I want to say a few words as this is my last earnings call as the CFO of Citi.",18,0.7054379293097168
Citigroup,2026-01-14,,"I have been with Citi for nearly 25 years, and I’ve been the CFO for the last seven.",18,0.5789194926582434
Citigroup,2026-01-14,,During my career here I have seen Citi go through many different evolutions and face some very challenging times.,18,1.0
Citigroup,2026-01-14,,"Yet I have shown up every day for the last 25 years wearing my one Citi jersey, surrounded by colleagues who have the same mindset.",18,1.0
Citigroup,2026-01-14,,"I have always believed that what sets Citi apart is the heart and determination that it takes to drive real change and deliver for all of our stakeholders – our clients, employees, regulators and, of course, our shareholders and analysts.",18,1.0
Citigroup,2026-01-14,,"As I said at our 2022 Investor Day, there was a lot to do and there were no quick fixes, but we had a clear strategy to set the company up to have a higher quality earnings mix and higher sustainable returns.",13,0.0411555265701973
Citigroup,2026-01-14,,And to achieve these financial goals we were going to do three things.,-1,0.0
Citigroup,2026-01-14,,"First, invest in our businesses to grow our revenue.",-1,0.0
Citigroup,2026-01-14,,"Second, become more efficient by investing in the transformation and technology and simplifying our operating model.",-1,0.0
Citigroup,2026-01-14,,"And third, manage our capital to drive improved returns.",13,0.07136098840140821
Citigroup,2026-01-14,,"And while there is still a lot more work to be done, as I sit here today, I could not be prouder of the progress that we’ve made as a firm in terms of executing on our transformation and improving the performance of our firm and each of our five businesses.",7,0.13145891347704372
Citigroup,2026-01-14,,"Since Jane took over, she has built a truly impressive team, and one that I have been incredibly proud to be part of.",32,0.772839993917891
Citigroup,2026-01-14,,"I want to thank Jane, my colleagues, and all 226,000 employees for the privilege of serving as your CFO over the last seven years.",18,0.04869679550498936
Citigroup,2026-01-14,,"It has been the most exciting and rewarding time of my career, and it has been an honor to be a part of one of Citi’s most significant chapters.",18,1.0
Citigroup,2026-01-14,,"Looking ahead, I remain fully committed to supporting Jane, Gonzalo and the broader leadership team as the firm continues its path towards achieving its RoTCE target of 10% to 11% this year and delivering higher returns over time.",-1,0.0
Citigroup,2026-01-14,,"So, I am leaving the role not at the peak for Citi, but on the upswing with nothing but upside from here.",18,1.0
Citigroup,2026-01-14,,"And with that, Jane and I would be happy to take your questions",32,1.0
Deutsche Bank,2025-10-29,,"Thank you, Ioana, and good morning from me.",38,1.0
Deutsche Bank,2025-10-29,,"As you will have seen, we delivered record profitability in the first nine months of 2025.",-1,0.0
Deutsche Bank,2025-10-29,,We are tracking in line with our full-year 2025 goals on all dimensions.,9,0.08447736726714772
Deutsche Bank,2025-10-29,,"Nine-month revenues, at 24.4 billion euros, are fully in line with our fullyear goal of around 32 billion euros, before FX effects.",8,0.01596889171007847
Deutsche Bank,2025-10-29,,"Adjusted costs, at 15.2 billion euros, are consistent with our guidance.",-1,0.0
Deutsche Bank,2025-10-29,,"Post-tax return on tangible equity is 10.9%, meeting our full-year target of above 10%, and our cost/income ratio, at 63%, is also consistent with our target of below 65%.",33,0.5486327003976051
Deutsche Bank,2025-10-29,,"Profitability is significantly stronger than in the same period of 2024, even if adjusting for the Postbank litigation provision which impacted last year’s result.",-1,0.0
Deutsche Bank,2025-10-29,,"Through organic capital generation, our CET1 ratio rose to 14.5% in the quarter.",12,0.48345266476554666
Deutsche Bank,2025-10-29,,"This reflects our latest share buyback program, which we completed this month, and a significant proportion of next year’s distributions.",8,0.5615326553785784
Deutsche Bank,2025-10-29,,"Asset quality remains solid, provisions were in line with expectations, and we had no exposure to recent high-profile cases.",-1,0.0
Deutsche Bank,2025-10-29,,"In short, we are fully focused on delivering on our 2025 targets.",-1,0.0
Deutsche Bank,2025-10-29,,"Let me now turn to the operating leverage which drove our profit growth, on slide 3.",10,1.0
Deutsche Bank,2025-10-29,,"Pre-provision profit was 9 billion euros in the first nine months of 2025, up nearly 50% year on year, or nearly 30% if adjusted for the Postbank litigation impacts in both periods.",8,0.017338854185592396
Deutsche Bank,2025-10-29,,"Similarly, adjusted for the Postbank litigation impacts, operating leverage was 9% and profit before tax was up 36%.",10,0.25444593520210285
Deutsche Bank,2025-10-29,,"We saw continued revenue growth of 7%, with momentum across the businesses; net commission and fee income was up 5% year on year, while NII across key banking book segments and other funding was essentially stable.",1,0.4292792930569362
Deutsche Bank,2025-10-29,,"74% of revenues came from more predictable revenue streams; the Corporate Bank, Private Bank, Asset Management and the Financing business in FIC.",2,0.10885603423338235
Deutsche Bank,2025-10-29,,"Cost discipline remains strong; noninterest expenses were down 8% year on year with significantly lower nonoperating costs, largely due to the non-repeat of Postbank litigation provisions, while adjusted costs were flat.",5,0.09629674393948827
Deutsche Bank,2025-10-29,,"Let me now turn to our progress on the pillars of strategy execution, on.",7,1.0
Deutsche Bank,2025-10-29,,"We are on track to meet, or exceed, all our 2025 strategic goals.",-1,0.0
Deutsche Bank,2025-10-29,,"Compound annual revenue growth since 2021 was 6%, in the middle of our range of between 5.5% and 6.5%.",-1,0.0
Deutsche Bank,2025-10-29,,"In a changing environment, we are benefiting from a well-diversified earnings mix.",13,0.021205914568221282
Deutsche Bank,2025-10-29,,"Operational efficiencies stood at 2.4 billion euros either delivered or expected from measures completed; in other words, 95% of our 2.5- billion-euro goal.",8,0.015278916461744984
Deutsche Bank,2025-10-29,,"Capital efficiencies have already reached 30 billion euros in RWA reductions; the high end of our target range, and we see scope for further efficiencies through year-end.",45,1.0
Deutsche Bank,2025-10-29,,"During the quarter, we launched our second share buyback program of 2025, with a value of 250 million euros, which we completed last week.",8,1.0
Deutsche Bank,2025-10-29,,"This takes total buybacks in 2025 to 1 billion euros; so together with our 2024 dividend, paid in May this year, total capital distributions in 2025 reached 2.3 billion euros, up around 50% over 2024.",8,0.03688320185271028
Deutsche Bank,2025-10-29,,This brings cumulative distributions since 2022 to 5.6 billion euros.,8,0.01998253092033103
Deutsche Bank,2025-10-29,,"Finally, a word on our businesses, on slide 5.",-1,0.0
Deutsche Bank,2025-10-29,,We are delivering strength and strategic execution across all four businesses in our Global Hausbank in 2025.,-1,0.0
Deutsche Bank,2025-10-29,,All four businesses have delivered double-digit profit growth and double-digit RoTE in the first nine months Corporate Bank continues to further scale the Global Hausbank model and delivered strong fee growth of 5% in the first nine months while recognized as the ‘Best Trade Finance Bank’.,-1,0.0
Deutsche Bank,2025-10-29,,"Our Investment Bank has been there for clients through challenging times this year and has seen an increase in activity across the whole client spectrum: institutional, corporate and priority groups.",-1,0.0
Deutsche Bank,2025-10-29,,"Private Bank has made tremendous progress with its transformation so far this year, with nine-month profits up 71%.",-1,0.0
Deutsche Bank,2025-10-29,,"Our growth strategy in Wealth Management is paying off; assets under management have grown by 40 billion euros year to date, with net inflows of 25 billion euros.",-1,0.0
Deutsche Bank,2025-10-29,,And in Asset Management the combination of fee-based expansion with operational efficiency drives sustainable returns of 25%.,21,0.09362920975313846
Deutsche Bank,2025-10-29,,We are benefiting from our strength in European ETFs and expanding our offering in that area.,11,0.3313056035111378
Deutsche Bank,2025-10-29,,To sum up our performance in 2025 to date:.,9,0.14004942530896775
Deutsche Bank,2025-10-29,,We have delivered record profitability due to continued revenue momentum and cost discipline.,-1,0.0
Deutsche Bank,2025-10-29,,Our nine-month performance is in line with our full-year financial goals on all dimensions.,-1,0.0
Deutsche Bank,2025-10-29,,"We are on track to reach, or exceed, our strategy execution targets.",7,1.0
Deutsche Bank,2025-10-29,,We have demonstrated strength across all four of our businesses.,-1,0.0
Deutsche Bank,2025-10-29,,"Our capital position is strong, and supports our aim of distributions to shareholders in excess of 8 billion euros payable between 2022 and 2026.",-1,0.0
Deutsche Bank,2025-10-29,,"Before I hand over to James, I want to briefly address our future; we have built very strong foundations for the next phase of our strategic agenda.",7,0.1929217761614944
Deutsche Bank,2025-10-29,,"And with our positioning in the strongest European economy, we stand to benefit from powerful tailwinds coming from German fiscal stimulus, structural reforms and renewed client confidence.",-1,0.0
Deutsche Bank,2025-10-29,,We look forward to discussing this with you at our Investor Deep Dive in London in November.,29,1.0
Deutsche Bank,2025-10-29,,"Thank you, Christian, and good morning.",38,1.0
Deutsche Bank,2025-10-29,,"As you can see on slide 7, we saw continued strong delivery this quarter against all the broader objectives and targets we set ourselves for 2025.",9,0.14396189417412522
Deutsche Bank,2025-10-29,,"Our revenue growth, cost/income ratio and return on tangible equity are all developing in line with our full-year objectives.",-1,0.0
Deutsche Bank,2025-10-29,,"Our capital position is strong, and our liquidity metrics are sound; the liquidity coverage ratio finished the quarter at 140% and the net stable funding ratio was 119%.",13,0.271355109498318
Deutsche Bank,2025-10-29,,"With that, let me now turn to the third quarter highlights on slide 8.",-1,0.0
Deutsche Bank,2025-10-29,,"Our diversified and complementary business mix resulted in reported revenue growth of 7% year on year, or 10% if adjusted for foreign exchange translation impacts.",-1,0.0
Deutsche Bank,2025-10-29,,"Due to the non-recurrence of a provision release related to the Postbank takeover litigation matter from which we benefited last year, third-quarter nonoperating costs and noninterest expenses were both higher year on year.",5,0.10232701179990314
Deutsche Bank,2025-10-29,,"The tax rate of 26% in the third quarter benefited from the reduction of deferred tax liabilities due to the change in the German corporate tax rate, which will start to decline after 2027.",44,1.0
Deutsche Bank,2025-10-29,,We continue to expect the 2025 full-year tax rate to range between 28% and 29%.,44,1.0
Deutsche Bank,2025-10-29,,"In the third quarter, diluted earnings per share was 89 cents and tangible book value per share increased 3% year on year to 30 euros and 17 cents.",33,0.4896475762729129
Deutsche Bank,2025-10-29,,"Before I go on, a few remarks on Corporate & Other, with further information in the appendix on slide 36.",3,0.07851531994132586
Deutsche Bank,2025-10-29,,"C&O generated a pre-tax loss of 110 million euros in the quarter, mainly driven by shareholder expenses and other centrally held items, partially offset by positive revenues in valuation and timing differences.",33,0.3506703247726448
Deutsche Bank,2025-10-29,,Let me now turn to some of the drivers of these results starting with net interest income on slide 9.,-1,0.0
Deutsche Bank,2025-10-29,,NII across key banking book segments and other funding was 3.3 billion euros.,1,0.7765923337640368
Deutsche Bank,2025-10-29,,Private Bank continued to deliver steady NII growth supported by the ongoing rollover of our structural hedge portfolio and deposit inflows.,1,1.0
Deutsche Bank,2025-10-29,,"Corporate Bank NII was slightly down quarter on quarter reflecting lower one-offs, while it continues to be supported by underlying portfolio growth as well as hedge rollover.",1,0.560449476559338
Deutsche Bank,2025-10-29,,"With respect to the full year, we continue to benefit from the long-term hedge portfolio rollover, detailed on slide 24 of the appendix, and are on track to meet our plans on a currency-adjusted basis.",-1,0.0
Deutsche Bank,2025-10-29,,"Turning to slide 10, adjusted costs were 5 billion euros for the quarter.",-1,0.0
Deutsche Bank,2025-10-29,,Cost discipline across the franchise remained strong.,-1,0.0
Deutsche Bank,2025-10-29,,"Compensation costs were up on a year-on-year basis, primarily reflecting the higher performance-related accruals, higher deferred equity compensation and the impact of increasing Deutsche Bank and DWS share prices.",5,0.4579009418623956
Deutsche Bank,2025-10-29,,"With that, let me turn to provision for credit losses on slide 11.",-1,0.0
Deutsche Bank,2025-10-29,,"Stage 3 provision for credit losses increased in the quarter to 357 million euros as provisions for Commercial Real Estate continued to be elevated, while the prior quarter included model-related benefits.",30,1.0
Deutsche Bank,2025-10-29,,"Stage 1 and 2 provisions reduced to 60 million euros and were driven by further model updates, which, as in the prior quarter, mainly impacted CRE-related provisions.",30,1.0
Deutsche Bank,2025-10-29,,Wider portfolio performance and asset quality remain resilient.,-1,0.0
Deutsche Bank,2025-10-29,,"While the macroeconomic and geopolitical environment continues to create uncertainty, we continue to expect lower provisioning levels in the second half of the year relative to the first half-year, primarily due to the expected absence of additional notable model effects impacting Stage 1 and 2.",-1,0.0
Deutsche Bank,2025-10-29,,"We are actively monitoring and managing risks from Private Credit which, as outlined on slide 28, accounts for about 5% of our loan book.",49,0.20982894514675346
Deutsche Bank,2025-10-29,,Our Private Credit exposure predominantly reflects Lender Finance facilities extended to high-quality financial sponsors backed by diversified pools of loans.,49,1.0
Deutsche Bank,2025-10-29,,These facilities are overwhelmingly investment grade rated internally and are underwritten and maintained with conservative LTVs.,-1,0.0
Deutsche Bank,2025-10-29,,"We apply conservative underwriting standards, including our assessment of sponsor and investor quality, loan sizes and structural features.",49,1.0
Deutsche Bank,2025-10-29,,"We are comfortable with our portfolio and, as Christian said, we had no exposure to recent high-profile cases.",-1,0.0
Deutsche Bank,2025-10-29,,"As you might expect, we remain vigilant and have undertaken additional portfolio reviews in light of these events.",-1,0.0
Deutsche Bank,2025-10-29,,"With that, let me turn to capital on slide 12.",14,0.38993289365097383
Deutsche Bank,2025-10-29,,"Strong third-quarter earnings net of AT1 coupon and dividend deductions led to an increase in the CET1 ratio to 14.5%, up 26 basis points sequentially.",12,0.5803928181096651
Deutsche Bank,2025-10-29,,RWA were flat during the quarter.,-1,0.0
Deutsche Bank,2025-10-29,,"As we head into the fourth quarter, let me remind you of the 27-basispoint CET1 benefit we still have from the adoption of the Article 468 CRR transitional rule for unrealized gains and losses, which will expire at the end of the year.",12,0.1445564311497651
Deutsche Bank,2025-10-29,,"Also, following revised EBA guidance from June 2025 regarding the calculation of operational risk RWA under the new standardized approach, we must now perform the annual update of operational risk RWA already by the end of 2025, which is expected to lead to a 19 basis points draw down in CET1 ratio terms.",12,0.019887571882544128
Deutsche Bank,2025-10-29,,"All else equal, therefore, these two items applied to the third quarter would lead to a pro-forma CET1 ratio of approximately 14%, which is also roughly where we currently expect to finish the year.",12,0.5787402839015411
Deutsche Bank,2025-10-29,,"Our third-quarter leverage ratio was 4.6%, down 11 basis points, principally from higher loans and commitments alongside increased settlement activity at quarter end.",10,1.0
Deutsche Bank,2025-10-29,,Tier 1 capital was essentially flat in the quarter as the derecognition of the 1.25-billion-US-dollar AT1 instrument that we called in September materially offset the quarter-on-quarter increase in CET1 capital.,12,0.5996276138502705
Deutsche Bank,2025-10-29,,"Let us now turn to performance in our businesses, starting with the Corporate Bank on slide 14.",-1,0.0
Deutsche Bank,2025-10-29,,"In the third quarter, Corporate Bank achieved a strong post-tax return on tangible equity of 16.2% and a cost/income ratio of 63%, maintaining its high profitability.",33,0.23776705065961687
Deutsche Bank,2025-10-29,,Both metrics showed a year-on-year improvement for the quarter as well as for the first nine months of 2025.,-1,0.0
Deutsche Bank,2025-10-29,,"As anticipated in the previous quarter, Corporate Bank revenues remained essentially flat compared to the prior year quarter, demonstrating resilience in a challenging environment.",-1,0.0
Deutsche Bank,2025-10-29,,"Margin normalization and FX headwinds were offset by interest hedging, higher average deposits and 4% growth in net commission and fee income, driven by continued expansion in Corporate Treasury Services.",-1,0.0
Deutsche Bank,2025-10-29,,"On a sequential basis, revenues were slightly lower, as the prior quarter benefitted from one-off interest hedging gains and seasonally stronger net commission and fee income.",-1,0.0
Deutsche Bank,2025-10-29,,Loans and deposits remained essentially flat on a reported basis.,-1,0.0
Deutsche Bank,2025-10-29,,"Adjusted for foreign exchange movements, loan volumes increased by 5 billion euros year on year, driven by growth in the Trade Finance business, and by 1 billion euros sequentially.",6,0.14052240851723696
Deutsche Bank,2025-10-29,,"Deposit volumes remained strong, with underlying growth both year on year and sequentially, offsetting the runoff of concentrated client balances.",15,0.13456066848358458
Deutsche Bank,2025-10-29,,"Noninterest expenses and adjusted costs were essentially flat, as effective cost management mitigated the impact of inflation and investments in client service.",5,0.2731090359664626
Deutsche Bank,2025-10-29,,A release of provision for credit losses reflecting a release of Stage 1 and 2 and a low level of Stage 3 provisions demonstrates the continued resilience of the loan book.,30,1.0
Deutsche Bank,2025-10-29,,I’ll now turn to the Investment Bank on slide 15.,14,0.4098617176234807
Deutsche Bank,2025-10-29,,"Revenues for the third quarter increased 18% year on year, with continued strength in FIC supported by a material improvement in O&A.",2,0.09150465937973318
Deutsche Bank,2025-10-29,,"FIC revenues increased 19%, driven by strong performance across businesses.",2,0.14884092055421813
Deutsche Bank,2025-10-29,,"Macro products and Credit Trading demonstrated material year-onyear improvements following strong market activity through the quarter, while Financing continued its momentum with revenues again higher than the prior year period, driven by an increased carry profile reflecting targeted balance sheet deployment.",-1,0.0
Deutsche Bank,2025-10-29,,"Moving to O&A, revenues were significantly higher both year on year and sequentially, increasing 27% and 22%, respectively.",2,0.09142250368270502
Deutsche Bank,2025-10-29,,"Debt Origination was the biggest driver, as both Leveraged and Investment Grade Debt grew revenues year on year, with the Leveraged Finance market particularly active, having recovered well since the second quarter.",10,0.26044114770014154
Deutsche Bank,2025-10-29,,Equity Origination revenues increased 57% driven by strong issuance activity including an improved IPO market.,-1,0.0
Deutsche Bank,2025-10-29,,"Advisory revenues were essentially flat year on year, as the industry fee pool moved away from our areas of strength; however, pipeline for the fourth quarter is encouraging.",-1,0.0
Deutsche Bank,2025-10-29,,Noninterest expenses were higher year on year primarily driven by the impact of higher deferred compensation and increased litigation charges.,5,0.19275750423391388
Deutsche Bank,2025-10-29,,"Provision for credit losses was 308 million euros, significantly higher year on year, with Stage 1 and 2 provisions materially impacted by further model updates during the quarter and Stage 3 impairments.",30,1.0
Deutsche Bank,2025-10-29,,Let me now turn to Private Bank on slide 16.,14,1.0
Deutsche Bank,2025-10-29,,The Private Bank continued its disciplined strategy execution and delivered a strong quarterly performance.,-1,0.0
Deutsche Bank,2025-10-29,,Profit before tax doubled reflecting 13% operating leverage in the quarter.,10,0.1680591684149462
Deutsche Bank,2025-10-29,,"Return on tangible equity rose to 12.6%, showing robust growth both sequentially and year on year.",33,1.0
Deutsche Bank,2025-10-29,,"Revenues increased, driven by a 9% rise in net interest income from deposits and lending, while net commission and fee income was essentially flat year on year; growth in discretionary portfolio mandates specifically in Germany was partially offset by lower net commission and fee income from cards, payments and postal services this quarter.",1,0.07052162121350912
Deutsche Bank,2025-10-29,,Growth in Personal Banking was mainly driven by higher investment and deposit revenues.,-1,0.0
Deutsche Bank,2025-10-29,,"Lending revenues were up slightly, helped by the absence of an episodic item in the prior year.",-1,0.0
Deutsche Bank,2025-10-29,,The continued expansion in Wealth Management & Private Banking was supported by solid momentum in discretionary portfolio mandates.,-1,0.0
Deutsche Bank,2025-10-29,,"Sustained cost efficiency, underpinned by transformation benefits, led to a 9-percentage-point improvement in the cost/income ratio to 68%.",-1,0.0
Deutsche Bank,2025-10-29,,"Personal Banking continued its transformation with 24 additional branch closures in the quarter, bringing the total to 109 this year.",48,1.0
Deutsche Bank,2025-10-29,,"These actions contributed to workforce reductions of 1,000 in the first nine months demonstrating continued strategy execution.",23,0.33665015935564263
Deutsche Bank,2025-10-29,,"Business momentum remained strong, with significant net inflows of 13 billion euros, supported by successful deposit campaigns.",-1,0.0
Deutsche Bank,2025-10-29,,Underlying credit trends showed improvements with provision for credit losses benefiting from model updates.,30,1.0
Deutsche Bank,2025-10-29,,"Turning to slide 17; my usual reminder, the Asset Management segment includes certain items that are not part of the DWS stand-alone financials.",-1,0.0
Deutsche Bank,2025-10-29,,"Profit before tax improved significantly by 42% from the prior year period, driven by higher revenues and resulting in an increase in return on tangible equity of 9 percentage points to 28% for this quarter.",33,1.0
Deutsche Bank,2025-10-29,,Revenues increased by 11% versus the prior year.,2,0.09502436110336276
Deutsche Bank,2025-10-29,,Growth in average assets under management both from markets and net inflows resulted in higher management fees of 655 million euros.,-1,0.0
Deutsche Bank,2025-10-29,,"In addition, performance fees saw a significant increase from the prior year period, primarily due to the recognition of fees from an infrastructure fund.",-1,0.0
Deutsche Bank,2025-10-29,,"Noninterest expenses and adjusted costs were essentially flat, resulting in a decline in the cost/income ratio to below 60% for the quarter.",-1,0.0
Deutsche Bank,2025-10-29,,"Quarterly net inflows totaled 12 billion euros, with 10 billion euros into Passive products, including Xtrackers, which also recorded its best day ever this quarter in terms of net new assets.",-1,0.0
Deutsche Bank,2025-10-29,,"SQI, Advisory Services and Cash contributed a further 3 billion euros of net inflows, which more than offset 2 billion euros in net outflows from Multi Asset and Active Equity products.",-1,0.0
Deutsche Bank,2025-10-29,,"Assets under management increased to 1.05 trillion euros in the quarter, driven by positive market impact and the aforementioned net inflows.",-1,0.0
Deutsche Bank,2025-10-29,,"During the quarter, DWS received the necessary licenses to open a new office in Abu Dhabi, strengthening its regional presence and client engagement in the Middle East, reinforcing its position as the preferred Gateway to Europe for global investors.",0,0.07417993521769041
Deutsche Bank,2025-10-29,,"For further details, please have a look at DWS’s disclosure on their Investor Relations website.",3,0.18921762035182918
Deutsche Bank,2025-10-29,,Turning to the outlook on slide 18.,3,0.10067324360465986
Deutsche Bank,2025-10-29,,We are on track to meet our full-year 2025 targets and remain confident in our trajectory to deliver a return on tangible equity of above 10% and a cost/income ratio of below 65%; our year-to-date performance supports our revenue and expense objectives.,-1,0.0
Deutsche Bank,2025-10-29,,"Our asset quality remains solid and, despite uncertainty from developments around CRE as well as the macroeconomic environment, we continue to anticipate lower provisioning levels in the second half.",-1,0.0
Deutsche Bank,2025-10-29,,Our strong capital position and third-quarter profit growth provide a solid foundation as we head into 2026.,13,0.2822896631811666
Deutsche Bank,2025-10-29,,"We also completed our second buyback, taking total buybacks in 2025 to 1 billion euros, and we reiterate our commitment to outperforming our 8-billion-euro distribution target.",8,0.7066330288387351
Deutsche Bank,2025-10-29,,And we look forward to providing you with an update on our forwardlooking strategy and financial trajectory at our next Investor Deep Dive on November 17.,29,1.0
Deutsche Bank,2025-10-29,,"With that, let me hand back to Ioana, and we look forward to your questions.",32,0.6270862148235385
HSBC,2025-10-28,,Thank you for joining.,-1,0.0
HSBC,2025-10-28,,"We are making positive progress towards creating a simple, more agile, growing HSBC.",16,1.0
HSBC,2025-10-28,,"The intent and discipline with which we are executing our strategy is reflected in the momentum this quarter and our target upgrades – most notably, our annualised ROTE of 17.6% year to date excluding notable items.",46,1.0
HSBC,2025-10-28,,"Throughout this presentation, I’ll focus on year-over-year comparisons.",-1,0.0
HSBC,2025-10-28,,This will exclude notable items and be on a constant currency basis.,-1,0.0
HSBC,2025-10-28,,The equivalent comparisons on a reported basis can be found on slides 16 and 22.,3,0.1565021171386724
HSBC,2025-10-28,,Let’s turn straight to the highlights.,39,1.0
HSBC,2025-10-28,,We reported a strong quarter.,37,1.0
HSBC,2025-10-28,,Total revenues grew $500 million to $17.9 billion.,26,0.12037842630250815
HSBC,2025-10-28,,"Wealth had another good quarter, with 29% growth in fee and other income.",2,0.20480005463807427
HSBC,2025-10-28,,Our customer deposit balances stand at $1.7 trillion.,-1,0.0
HSBC,2025-10-28,,"If we include held-for-sale balances, these grew by $86 billion.",-1,0.0
HSBC,2025-10-28,,We are also investing for growth.,-1,0.0
HSBC,2025-10-28,,"On 9 October, we announced our intention to privatise Hang Seng Bank.",-1,0.0
HSBC,2025-10-28,,We see this as a compelling opportunity.,7,0.08474644744100572
HSBC,2025-10-28,,Let me set out clearly our reasoning.,-1,0.0
HSBC,2025-10-28,,"First, it meets all four of our criteria for acquisitions.",-1,0.0
HSBC,2025-10-28,,"Second, we see good growth in Hong Kong in the years ahead.",-1,0.0
HSBC,2025-10-28,,It’s a business in a home market we know very well.,11,0.10003220924318341
HSBC,2025-10-28,,"Third, we see an opportunity to create greater alignment for better operational leverage and efficiencies.",10,0.04255518425978079
HSBC,2025-10-28,,"Fourth, we are acquiring a business with structurally high pre-impairment margins and, while we are not calling the credit cycle, we believe it is a cycle.",30,0.27333451583136487
HSBC,2025-10-28,,"Fifth, we are removing a $3 billion capital inefficiency.",13,0.26394522488478556
HSBC,2025-10-28,,This is a transaction which we initiated as a growth investment.,-1,0.0
HSBC,2025-10-28,,It is also a statement of our confidence in the outlook for Hong Kong.,-1,0.0
HSBC,2025-10-28,,"We are in an offer period, so we are unable to give more details on synergies at this stage.",11,0.13989259968356244
HSBC,2025-10-28,,What I will say is that consolidating the non-controlling interest from the profit and loss increases our profit attributable to ordinary shareholders.,34,0.3299999908001172
HSBC,2025-10-28,,"We have also said that we see the potential for additional revenue through expanded capital market products to Hang Seng commercial clients, and wealth products to its affluent clients, and we can simplify and streamline decision-making processes, improve operational risk management and better align operations, which we expect will result in efficiencies.",-1,0.0
HSBC,2025-10-28,,"We are confident the integration will not distract us from organic growth, and it’s more value-generative than a share buyback.",-1,0.0
HSBC,2025-10-28,,"Turning now to upgrades, we are delivering against the targets we set out to you.",7,0.09078743262330254
HSBC,2025-10-28,,"We are now upgrading two items – our 2025 banking NII to $43 billion or better, our 2025 ROTE, excluding notable items, to be mid-teens or better.",1,0.37875782282678916
HSBC,2025-10-28,,"We remain disciplined with our shareholders’ capital, investing it where we see growth, exiting businesses with the intention to redeploy the costs where we don’t.",13,0.0846533985289155
HSBC,2025-10-28,,We are progressing at pace with the exit of non-strategic activities.,7,0.4923842040902156
HSBC,2025-10-28,,"This quarter, we have announced the exits of HSBC Malta, and retail banking in Sri Lanka.",16,0.7971069192517896
HSBC,2025-10-28,,This brings our total announced exits to 11 so far this year.,9,1.0
HSBC,2025-10-28,,"Last week, we announced that we are conducting a strategic review of our Egyptian retail banking business.",-1,0.0
HSBC,2025-10-28,,"The review will not include our wholesale banking activities in Egypt, which remains an important market and one we believe has strong potential for growth.",-1,0.0
HSBC,2025-10-28,,"Finally, we are on track to achieve our target of around 3% cost growth in 2025 compared to 2024 on a target basis.",9,0.2244516830441162
HSBC,2025-10-28,,Let’s now turn to the firm-wide financial results.,-1,0.0
HSBC,2025-10-28,,"First, the income statement.",-1,0.0
HSBC,2025-10-28,,"Annualised ROTE was 16.4% in the third quarter, or 17.6% year to date, both excluding notable items.",46,1.0
HSBC,2025-10-28,,Revenue grew 3% year on year to $17.9 billion in the quarter.,-1,0.0
HSBC,2025-10-28,,This was driven by a return to growth in banking NII and strong fee and other income.,1,0.43484314928771683
HSBC,2025-10-28,,Profit before tax was $9.1 billion.,20,0.07963029533581253
HSBC,2025-10-28,,"Looking at our capital and distributions, our CET1 capital ratio is 14.5%, and we continue to target a dividend payout ratio for 2025 of 50% of earnings per ordinary share, excluding material notable items and related impacts.",12,0.8240909036858757
HSBC,2025-10-28,,Let’s now turn to our business segment performance.,-1,0.0
HSBC,2025-10-28,,"We grew total revenue by 3%, and each of our four businesses returned greater than mid-teens annualised ROTE.",46,0.366223820937109
HSBC,2025-10-28,,"Moving now to banking NII, $11 billion this quarter is a return to growth, driven by deposit volumes.",1,1.0
HSBC,2025-10-28,,We are raising our full-year guidance to $43 billion or better.,-1,0.0
HSBC,2025-10-28,,"I know you’ll have questions on the outlook, so I’ll note here the multiple drivers of banking NII – HIBOR, which has recovered; deposit growth, which continues; interest rates, where the Fed is still cutting.",1,1.0
HSBC,2025-10-28,,We have grown our structural hedge to $585 billion and it’s rolling on to higher yields.,13,0.03500810118336243
HSBC,2025-10-28,,"I’ll also just mention that the chart on the left is on a constant currency basis, while our full-year guidance is as reported.",-1,0.0
HSBC,2025-10-28,,There is a reconciliation in the footnote.,-1,0.0
HSBC,2025-10-28,,"Turning now to Wholesale Transaction Banking, we are pleased with our strong ongoing customer engagement.",-1,0.0
HSBC,2025-10-28,,This year has really validated the strength of our franchise in a range of economic and tariff situations.,-1,0.0
HSBC,2025-10-28,,Both Payments and Trade grew again in the third quarter.,17,0.5581075998295044
HSBC,2025-10-28,,"In Trade, I would note the first half was particularly strong as we supported customers to navigate a fast-changing trade landscape.",-1,0.0
HSBC,2025-10-28,,"In Securities Services, fee and other income grew 15%.",21,0.12303840318843313
HSBC,2025-10-28,,"This was due to higher asset balances, given improved valuations, and new customer mandates in Asia and the Middle East.",-1,0.0
HSBC,2025-10-28,,"In FX, performance reflects lower currency volatility and a strong prior-year comparison.",-1,0.0
HSBC,2025-10-28,,"Looking through this, performance of $1.3 billion was strong.",26,0.25610460809210983
HSBC,2025-10-28,,"Turning now to Wealth, we delivered 29% fee and other income growth to $2.7 billion.",26,0.16146964035059305
HSBC,2025-10-28,,This shows our strategy is working.,7,0.3743884317187252
HSBC,2025-10-28,,"Net new invested assets were $29 billion, with more than half coming from Asia, at $15 billion.",-1,0.0
HSBC,2025-10-28,,This takes total invested assets to $1.5 trillion.,-1,0.0
HSBC,2025-10-28,,Wealth was driven by all four income lines.,2,0.2772816699798825
HSBC,2025-10-28,,Our insurance CSM balance is up by $2.5 billion year to date.,-1,0.0
HSBC,2025-10-28,,This is driven by strong new business.,11,0.06441642589070486
HSBC,2025-10-28,,I would note that we reviewed our insurance assumptions in the third quarter.,-1,0.0
HSBC,2025-10-28,,Favourable experience and strong market performance slightly flatter these figures.,-1,0.0
HSBC,2025-10-28,,Private Banking grew 8% and Asset Management 6% respectively.,-1,0.0
HSBC,2025-10-28,,"Investment Distribution also performed very well, up 39%, reflecting strength in our customer franchise in Hong Kong.",-1,0.0
HSBC,2025-10-28,,And Wealth is not just a Hong Kong story.,-1,0.0
HSBC,2025-10-28,,"It runs across our Asian franchise, with double-digit fee and other income growth in Singapore, mainland China and other markets.",-1,0.0
HSBC,2025-10-28,,We are providing you with a little extra colour this quarter on our Hong Kong flows on the next slide.,-1,0.0
HSBC,2025-10-28,,"We are pleased to have added 318,000 new-to-bank customers this quarter.",-1,0.0
HSBC,2025-10-28,,"This brings us to more than 900,000 year to date.",9,1.0
HSBC,2025-10-28,,What this slide shows over a slightly longer period is that non-resident customers have been a significant driver of customer activity and balances.,-1,0.0
HSBC,2025-10-28,,"These new-to-bank customers have contributed up to a third of flows across deposits, investments and insurance.",-1,0.0
HSBC,2025-10-28,,We see new non-resident customers as a significant and long-dated opportunity for the bank.,-1,0.0
HSBC,2025-10-28,,Now let’s turn to credit.,14,0.17496594104338034
HSBC,2025-10-28,,"ECL of $1 billion is flat year over year, and down modestly on the second quarter.",-1,0.0
HSBC,2025-10-28,,We retain our full ECL guidance of around 40 basis points.,-1,0.0
HSBC,2025-10-28,,Our ECL charge this quarter includes $0.2 billion Hong Kong commercial real estate.,-1,0.0
HSBC,2025-10-28,,"On slide 19, you will see we have updated the Hong Kong commercial real estate slide we showed you at the half-year.",-1,0.0
HSBC,2025-10-28,,"Other charges include $150 million from a Middle East-based customer, $0.3 billion in the UK, $0.2 billion in Mexico, and a $0.1 billion release due to improved economic assumptions.",-1,0.0
HSBC,2025-10-28,,Now let’s turn to costs.,14,0.06767665221396602
HSBC,2025-10-28,,We remain on track to achieve our target of around 3% cost growth in 2025 compared to 2024 on a target basis.,-1,0.0
HSBC,2025-10-28,,"Year to date, we have taken actions to realise $1 billion of annualised simplification savings, with no meaningful impact on revenues.",-1,0.0
HSBC,2025-10-28,,We continue to expect $0.4 billion simplification savings to be realised in the full year 2025 P&L.,9,1.0
HSBC,2025-10-28,,"It’s worth noting that there is some slight seasonality to costs in the fourth quarter, which also includes the UK bank levy.",-1,0.0
HSBC,2025-10-28,,"This quarter, we have $1.4 billion of legal provisions on historical matters which don’t impact our ongoing business.",-1,0.0
HSBC,2025-10-28,,"They consist of $1.1 billion, as you will have seen in yesterday’s announcement, relating to Madoff litigation, which is a material notable item and, therefore, does not impact any dividend, and $0.3 billion related to historical trading activities in Europe, which is a notable item.",8,0.05246064427249915
HSBC,2025-10-28,,"I would also just draw your attention to appendix slides 16 and 17, where we detail recent and potential future notable items.",3,0.103216585121343
HSBC,2025-10-28,,"This leads us to our exit of non-strategic activities, which we will discuss on the next slide.",7,0.29481665636461946
HSBC,2025-10-28,,We are progressing at pace with our exit of non-strategic activities.,7,0.45988642412949665
HSBC,2025-10-28,,This slide sets out that progress.,3,0.11666711286407187
HSBC,2025-10-28,,"The red boxes show the exits announced in each quarter, the grey those in prior quarters.",9,0.2559700575010036
HSBC,2025-10-28,,"Given the phasing of the sale processes, only Grupo Galicia is currently complete, with others to follow.",-1,0.0
HSBC,2025-10-28,,"In the third quarter, we have announced Malta, and retail banking in Sri Lanka.",-1,0.0
HSBC,2025-10-28,,"Last week, we announced that we are conducting a strategic review of our Egyptian retail banking business.",-1,0.0
HSBC,2025-10-28,,"As I said earlier, the review will not include our wholesale banking activities in Egypt, which remains an important market.",-1,0.0
HSBC,2025-10-28,,"As a reminder, costs released from the exits of our nonstrategic activities will be invested in our priority growth areas at accretive returns.",-1,0.0
HSBC,2025-10-28,,Now let’s turn to customer deposits and loans.,-1,0.0
HSBC,2025-10-28,,"Including held-for-sale balances, we’ve had another strong quarter, with $86 billion of growth in deposits in the last 12 months.",-1,0.0
HSBC,2025-10-28,,"By business, there is some volatility this quarter.",-1,0.0
HSBC,2025-10-28,,"Silver Bond subscriptions in Hong Kong moved deposits from Hong Kong business to CIB for a few days over quarter-end, benefiting CIB balances.",15,0.11119302231846087
HSBC,2025-10-28,,"CIB also benefited from some large client deposits, which may be short-dated.",15,0.11575235909484162
HSBC,2025-10-28,,"Overall, we see good momentum in our customer deposit franchise.",-1,0.0
HSBC,2025-10-28,,"In the UK, lending was the standout.",49,1.0
HSBC,2025-10-28,,"We saw continued growth in mortgages and our commercial lending book, infrastructure being a key area of focus.",6,0.07537477335200828
HSBC,2025-10-28,,"In our UK business, the book has grown 5% year over year, which includes a drag from the repayment of Covid loans.",6,0.05799573231432677
HSBC,2025-10-28,,"We see low levels of household and corporate debt in the UK, which we expect to provide a platform for the continued growth of our franchise.",-1,0.0
HSBC,2025-10-28,,"In Hong Kong, we saw customer repayments and corporate deleveraging, notably in the commercial real estate space.",-1,0.0
HSBC,2025-10-28,,Credit demand remains muted.,30,0.30062552022052463
HSBC,2025-10-28,,"Now turning to capital, our CET1 is 14.5%, reflecting strong organic capital generation during the quarter.",12,1.0
HSBC,2025-10-28,,We said with the announcement of the Hang Seng offer that we do not expect buybacks for the next three quarters.,8,1.0
HSBC,2025-10-28,,"That is, of course, dependent on underlying capital generation.",13,1.0
HSBC,2025-10-28,,"With strong profitability and currently modest loan growth, we are highly capital-generative.",13,0.3856517026847832
HSBC,2025-10-28,,"Finally, let’s turn to targets and guidance.",-1,0.0
HSBC,2025-10-28,,"In summary, the intent with which we are executing our strategy is reflected in the growth and momentum in our performance this quarter.",7,0.25938798378414324
HSBC,2025-10-28,,"It again shows discipline, performance and delivery.",-1,0.0
HSBC,2025-10-28,,Discipline in the way we are applying strong cost control.,-1,0.0
HSBC,2025-10-28,,We are on target to achieve our target of around 3% cost growth in 2025 compared to 2024 on a target basis.,-1,0.0
HSBC,2025-10-28,,Our simplification saves are ahead of our previous expectation.,9,0.16698850358614623
HSBC,2025-10-28,,We have announced 11 exits so far this year.,9,1.0
HSBC,2025-10-28,,We will continue to progress at pace and invest costs released from exits into priority growth areas.,-1,0.0
HSBC,2025-10-28,,Performance in our earnings.,-1,0.0
HSBC,2025-10-28,,"Each of our four businesses is making mid-teens ROTE or better, excluding notable items.",46,1.0
HSBC,2025-10-28,,"Our third quarter results show that we are creating a simple, more agile, growing HSBC.",16,0.5826464005706019
HSBC,2025-10-28,,"Revenues grew, and excluding notable items our year-to-date 17.6% ROTE demonstrates that we are delivering against the targets we set out to you.",46,1.0
HSBC,2025-10-28,,"That is why we expect 2025 ROTE, excluding notable items, to be mid-teens or better.",46,0.329921088568918
HSBC,2025-10-28,,"With that, I am happy to take your questions.",32,1.0
ING,2025-10-30,,Good morning and welcome to our results call for 3Q2025.,-1,0.0
ING,2025-10-30,,I hope you're all well and thank you for joining us.,38,0.0763043318510469
ING,2025-10-30,,"As usual, I'm joined by our CRO, Ljiljana Čortan, and our CFO, Tanate Phutrakul.",18,0.05319923059012157
ING,2025-10-30,,"While macroeconomic and geopolitical uncertainty remains prevalent, we have again delivered a strong quarter as we continued to execute our strategy to accelerate growth, increase our impact and deliver customer value.",37,0.46115658151585054
ING,2025-10-30,,"In today's presentation, I will start by sharing further insights in how our capital allocation will continue to fuel growth and increase returns.",13,1.0
ING,2025-10-30,,I will also update you on our long-term capital target.,-1,0.0
ING,2025-10-30,,"Thereafter, Tanate will walk you through the quarterly fi nancials.",-1,0.0
ING,2025-10-30,,"As always, we will be happy to take your questions at the end of the call.",32,1.0
ING,2025-10-30,,"Now, let's move to slide 2.",14,0.16415923273002098
ING,2025-10-30,,"This slide highlights our continued strong commercial momentum in 3Q2025, with solid growth across key areas.",-1,0.0
ING,2025-10-30,,"We have added nearly 200,000 mobile primary customers during the quarter, bringing growth in the last 12 months to over 1.1 mln - well ahead of the target set at our Capital Markets Day.",-1,0.0
ING,2025-10-30,,Our loan book expanded signifi cantly in both Retail and Wholesale Banking.,49,1.0
ING,2025-10-30,,"Retail Banking saw €8.6 bln in net core lending growth, driven mainly by residential mortgages.",6,0.11896880123053347
ING,2025-10-30,,"Wholesale Banking also delivered a strong quarter, supported by Trade Finance Services and Lending, refl ecting increased client fi nancing needs.",-1,0.0
ING,2025-10-30,,"Core deposits declined slightly, following substantial infl ows in previous quarters.",25,0.10984568817948405
ING,2025-10-30,,This was largely due to the conclusion of promotional campaigns and seasonal spending patterns during the summer in Retail Banking.,-1,0.0
ING,2025-10-30,,"On the other hand, Wholesale Banking posted strong infl ows, particularly in Payments and Cash Management, Financial Markets, and cash pooling.",-1,0.0
ING,2025-10-30,,"Customer balances grew at an annualised rate of 7% in 9M2025, keeping us well on track to achieve our 4% annual growth target.",-1,0.0
ING,2025-10-30,,Fee income also continued its upward trend.,21,1.0
ING,2025-10-30,,"Year-to-date fees grew by 12%, and we have raised our full-year 2025 growth outlook to more than 10%.",21,1.0
ING,2025-10-30,,"Our four-quarter rolling average ROE stands at 12.6%, and we have also revised our full-year ROE outlook upwards.",-1,0.0
ING,2025-10-30,,"Finally, we remain committed to supporting clients in their sustainability transitions, with sustainable fi nance volumes up 29% compared to the same period last year.",-1,0.0
ING,2025-10-30,,"Now, let's move to the next slide to discuss what this growth means for our capital generation.",13,0.23927022241674606
ING,2025-10-30,,"On slide 3, we show how our continued commercial growth, further income diversifi cation, and proactive cost measures have delivered strong capital generation.",13,0.4579093425754013
ING,2025-10-30,,"Over the past four quarters, we have delivered €6 bln of net profi t, which contributed an additional 2%-point to our CET1 ratio, in line with the 2 prior years.",12,0.7874770892528168
ING,2025-10-30,,"This performance has enabled us to off er an attractive and sustainable dividend, with an ordinary cash dividend yield of nearly 6% in the last 12 months.",8,0.06070255436275875
ING,2025-10-30,,Part of the capital we generated was reinvested to support profi table growth across both our business lines.,13,1.0
ING,2025-10-30,,"And fi nally, thanks to our strong capital generation, we have been able to announce and execute additional distributions, amounting to €4.5 bln over the last 12 months and €12.5 bln over the last 3 years.",8,0.026180952397096748
ING,2025-10-30,,"Moving to slide 4, where we summarise the total distributions to shareholders, building on what I just mentioned.",3,1.0
ING,2025-10-30,,"In line with our policy, we have consistently paid cash dividends and have been executing share buybacks for several years.",8,1.0
ING,2025-10-30,,These actions have delivered a highly attractive yield - while our share price has risen signifi cantly.,-1,0.0
ING,2025-10-30,,The €2 bln share buyback programme which started in May this year was concluded earlier this week and today we are announcing an additional €1.6 bln distribution.,8,0.3939421001551444
ING,2025-10-30,,"Of this, €1.1 bln will be returned in the form of a new share buyback, which will have a lasting positive impact on both earnings and dividends per share.",8,0.5968276533434231
ING,2025-10-30,,"In addition, we will pay a cash dividend of €500 mln in January 2026, helping us to meet the expected cash hurdle for next year.",8,0.02731182112701981
ING,2025-10-30,,"Looking ahead, we remain committed to delivering strong shareholder returns and will provide an update with our 1Q2026 results.",29,0.259892275189917
ING,2025-10-30,,"Now, let's move to slide 5, where we explain the rationale behind updating our CET1 ratio target.",12,1.0
ING,2025-10-30,,"Our expected fully-loaded CET1 MDA has risen over the years, from 10.5% in 2020 to around 11.2%, primarily due to regulatory changes.",12,0.3405660142878572
ING,2025-10-30,,"Consequently, we have revised our capital targets and will now manage our CET1 ratio at around 13%.",12,1.0
ING,2025-10-30,,"This target gives us a buff er of about 180 bps above the MDA threshold, which we consider appropriate given the resilience of our business model and the fact that a signifi cant portion of the MDA - over 1% is attributable to countercyclical buff ers.",12,0.13169759557418373
ING,2025-10-30,,"Any CET1 capital above 13% will be treated as excess and factored into our future capital planning, as evidenced by the additional distribution that we announced today.",12,0.6126957913710961
ING,2025-10-30,,"In the previous slides, I outlined how we have deployed excess and newly generated capital over the past years, delivering strong shareholder returns.",13,0.20460373049684885
ING,2025-10-30,,"Although we are no longer in a position of excess capital, we remain fi rmly focused on generating strong capital going forward.",13,1.0
ING,2025-10-30,,"Our allocation priorities are well defi ned: First, we will maintain an attractive shareholder return, supported by our 50% dividend pay-out policy.",-1,0.0
ING,2025-10-30,,"Second, we will continue to invest in value accretive growth - further diversifying income streams, expanding the loan book in a capitaleffi cient way, and considering M&A opportunities that meet our strict criteria.",13,0.04251487848744141
ING,2025-10-30,,"These investments will help to accelerate growth and enhance earnings potential, as the return on new business is higher than the return on a share buyback.",13,0.024872810949710084
ING,2025-10-30,,"Finally, we will return any capital structurally above our CET1 targets to shareholders.",12,0.026383493033559018
ING,2025-10-30,,"Moving to slide 8, where we present our improved outlook for 2025.",-1,0.0
ING,2025-10-30,,"So far this year, we have added nearly 700,000 mobile primary customers and remain on track to achieve our annual growth target of 1 mln in 2025.",-1,0.0
ING,2025-10-30,,We have raised our expectation for fee growth and now anticipate fees to come in more than 10% higher than last year.,21,0.5476583242097043
ING,2025-10-30,,"As a result, we have also increased our outlook for total income, which we now expect to reach around €22.8 bln this year.",8,0.01750891719851677
ING,2025-10-30,,Prudent expense management remains a key priority.,-1,0.0
ING,2025-10-30,,We continue to take proactive measures to operate effi ciently while selectively investing for growth.,-1,0.0
ING,2025-10-30,,"Despite additional incidental expenses this quarter, we continue guiding total costs towards the lower end of the €12.5- €12.7 bln range.",-1,0.0
ING,2025-10-30,,"As explained earlier, our CET1 target has been updated to around 13%.",12,0.31974609939702214
ING,2025-10-30,,"Given our improved outlook for income and disciplined approach on costs, we have also raised our ROE expectations for this year to more than 12.5%.",-1,0.0
ING,2025-10-30,,We will share our outlook for 2026 and revisit our 2027 targets with the 4Q2025 results.,9,0.23304247655734614
ING,2025-10-30,,"Now, I'll hand over to Tanate, who will walk you through the 3Q2025 fi nancial results in more detail, starting on slide 10.",3,0.13161026632514836
ING,2025-10-30,,"Let’s start with slide 10, which shows the development of total income, which increased further this quarter and was close to the record level we achieved one year ago.",-1,0.0
ING,2025-10-30,,"Commercial NII rose, driven by strong performance in Wholesale Banking Lending and the conclusion of a promotional savings campaign in Retail Banking Germany.",1,0.5469482699787751
ING,2025-10-30,,These factors more than off set the impact of lower average ECB deposit facility rates and a stronger euro.,-1,0.0
ING,2025-10-30,,"Fee income continued its upward trend, growing by 15% year-on-year.",21,1.0
ING,2025-10-30,,"Most of this growth is structural, which is why we have raised our full-year 2025 expectation.",9,1.0
ING,2025-10-30,,"Finally, all other income, which includes other NII, investment income, and other income, was supported by continued strong results in Financial Markets and Treasury, as well as the fi nal dividend payment from Bank of Beijing.",1,0.39879429453619636
ING,2025-10-30,,"Let's discuss slide 11, where we show the development of customer balances.",-1,0.0
ING,2025-10-30,,We delivered another quarter of strong loan growth across both Retail and Wholesale Banking.,6,0.09344329899138444
ING,2025-10-30,,Net core lending increased by €14.2 bln.,6,0.1013696713705582
ING,2025-10-30,,"Retail banking contributed €8.6 bln, driven by continued growth in mortgages and an increase of the consumer lending portfolio, primarily in Germany, Poland, and the Netherlands.",6,0.11418262766206815
ING,2025-10-30,,"Wholesale Banking Lending also posted strong growth, as a relatively large number of deals originated in earlier quarters were converted in 3Q2025.",6,0.09512729767449735
ING,2025-10-30,,"On the liability side, core deposits declined by around €200 mln after signifi cant infl ows in prior quarters.",25,0.09031888685074486
ING,2025-10-30,,"The decline was largely attributable to outfl ows in Germany and Belgium after the conclusion of promotional savings campaigns, with part of these funds moving into investment products.",25,0.07735339110856945
ING,2025-10-30,,"Seasonal eff ects also played a role, as customers spent more during the summer holiday period.",-1,0.0
ING,2025-10-30,,"Wholesale Banking posted a strong net infl ow, refl ecting increased deposit volumes in Payment and Cash Management (PCM), Financial Markets and in our cash pooling business.",-1,0.0
ING,2025-10-30,,"On slide 12, you can see that commercial NII grew quarter-on-quarter.",-1,0.0
ING,2025-10-30,,"The increase was particularly strong in Retail Germany's liability NII, after the end of bonus rates for fresh money from a promotional campaign.",1,0.5346419009035566
ING,2025-10-30,,This was also the main driver behind the 1 bp improvement in the liability margin.,-1,0.0
ING,2025-10-30,,"Lending NII also rose, primarily due to robust volume growth in Wholesale Banking Lending.",1,0.47394012874780583
ING,2025-10-30,,"The lending margin remained stable, as the growth in Wholesale Banking Lending off set the impact of continued growth of our residential mortgage portfolio, which delivers higher return on equity but lower average margins.",6,0.1496056995612366
ING,2025-10-30,,"For full-year 2025, our outlook for liability margin and lending margin is unchanged at around 100 bps and around 125 bps respectively.",-1,0.0
ING,2025-10-30,,We expect commercial NII to come in between €15.2 and €15.3 bln.,1,1.0
ING,2025-10-30,,"It’s worth noting that the higher than expected NII growth in 3Q2025 was partly driven by a large number of transactions in the Wholesale Bank, which had been in the pipeline for an extended period.",1,0.4380267362015548
ING,2025-10-30,,"Fee growth remained strong, with a 15% increase year-on-year, driven by structural revenue drivers across both Retail and Wholesale Banking.",21,1.0
ING,2025-10-30,,"In Retail Banking, growth was supported by the continued rise in mobile primary customers, which boosted daily banking fees.",-1,0.0
ING,2025-10-30,,"Investment Products also had a strong quarter, refl ecting an increase in the number of investment accounts and higher assets under management.",-1,0.0
ING,2025-10-30,,"Wholesale Banking delivered a quarterly record of €383 mln in fees, driven by strong performance in Lending, supported by a greater number of lead roles, increased loan underwriting activity and higher lending volume.",-1,0.0
ING,2025-10-30,,"Given the strong performance in 9M2025, we are confi dent that we can grow our fee income by more than 10% in 2025.",21,0.2122363145186308
ING,2025-10-30,,"On slide 14, we show the development of all other income.",-1,0.0
ING,2025-10-30,,Income in Financial Markets is mostly driven by client activity.,-1,0.0
ING,2025-10-30,,"We continued to support our clients through volatile market conditions, mostly with FX and interest rate management.",-1,0.0
ING,2025-10-30,,"Income from our fi nancial stakes included a fi nal dividend from our stake in Bank of Beijing, while other income also benefi ted from a gain on the sale of an associate company in Belgium.",-1,0.0
ING,2025-10-30,,"Our expenses, excluding regulatory costs and incidental items, rose less than 3% year-on-year, refl ecting our prudent approach.",5,0.15113526815441955
ING,2025-10-30,,The increase was largely refl ecting wage infl ation and our ongoing investments in business growth and scalability.,21,0.18006498988999398
ING,2025-10-30,,"On the growth side, we continued investing in our customer acquisition and product development, including expanding our off ering for new customer segments.",-1,0.0
ING,2025-10-30,,"Another good example is Business Banking, where we broadened our product suite and made it easier to digitally on-board customers.",28,1.0
ING,2025-10-30,,"In terms of scalability, we focused on enhancing and strengthening our Tech platform.",-1,0.0
ING,2025-10-30,,"At the same time, we're seeing benefi ts from operational effi ciencies, which helped off set part of the cost increase.",-1,0.0
ING,2025-10-30,,We remain committed to digitising our services to further strengthen our operational leverage going forward.,28,0.22941828843441223
ING,2025-10-30,,We are actively integrating GenAI capabilities through our organisation.,-1,0.0
ING,2025-10-30,,"Our GenAI chatbot is now live in 6 markets, providing improved customer support.",4,0.036274891465268994
ING,2025-10-30,,"And in consumer fi nance, we use AI to assess applicants and process loan applications automatically.",4,0.10769769448781578
ING,2025-10-30,,"Incidental expenses mostly related to restructuring provisions for planned FTE reductions in Retail Banking, which are expected to result in ~€30 mln in annualised cost savings once fully implemented.",5,0.06507523868494014
ING,2025-10-30,,We still expect total expenses to fi nish at the lower end of the previously guided range.,-1,0.0
ING,2025-10-30,,"This outlook includes incidental items recorded in 9M2025, whereby continued focus on operational effi ciencies will lead to some incidental costs in 4Q2025.",-1,0.0
ING,2025-10-30,,Now let's move to risk costs on the next slide.,-1,0.0
ING,2025-10-30,,"Total risk costs were €326 mln this quarter, equivalent to 19 bps of average customer lending, which is below our through-the-cycle average and a refl ection of the quality of our loan book.",-1,0.0
ING,2025-10-30,,"Net additions to Stage 3 provisions amounted to €361 mln, mainly due to collective provisioning in Retail Banking and a number of newly defaulted fi les in Wholesale Banking.",-1,0.0
ING,2025-10-30,,The Stage 3 ratio remained stable.,-1,0.0
ING,2025-10-30,,"Stage 1 and Stage 2 risk costs showed a net release of €35 mln, mostly refl ecting portfolio movements.",-1,0.0
ING,2025-10-30,,"Overall, we remain confi dent in the strength and quality of our loan book.",49,1.0
ING,2025-10-30,,"On slide 17, we show the development of our CET1 ratio, which increased compared to last quarter.",12,1.0
ING,2025-10-30,,"CET1 capital increased on the back of strong capital generation, partly off set by dividend reserving and a lower market value of our stake in Bank of Beijing.",12,1.0
ING,2025-10-30,,Total risk-weighted assets remained broadly stable.,-1,0.0
ING,2025-10-30,,"Credit risk-weighted assets, excluding FX impacts, increased by €2.2 bln this quarter, mainly due to volume growth.",-1,0.0
ING,2025-10-30,,"This was partly off set by a change in the profi le of the loan book, equity revaluations and various other eff ects.",-1,0.0
ING,2025-10-30,,"Operational risk-weighted assets remained fl at, while market risk-weighted assets decreased by €1.7 bln.",25,0.033364362949059416
ING,2025-10-30,,"The announced additional distribution of €1.6 bln will have a pro forma impact of 48 bps on the CET1 ratio, bringing it more in line with our updated target.",12,0.32031936637399816
ING,2025-10-30,,"Now, I'll hand back to Steven to wrap up today's presentation.",3,0.07609649081485749
ING,2025-10-30,,"Before we move to Q&A, let me recap the key takeaways from today's presentation.",-1,0.0
ING,2025-10-30,,"We delivered another strong quarter, maintaining solid commercial momentum that is fully aligned with our growth strategy.",37,1.0
ING,2025-10-30,,"This sustained performance translated into robust capital generation, enabling attractive shareholder returns while continuing to selectively invest in our business.",13,1.0
ING,2025-10-30,,"Today, we announced a €1.6 bln distribution, bringing our CET1 ratio in line with our updated target.",12,0.16455178547664623
ING,2025-10-30,,"Going forward, we remain committed to deploying capital to fuel growth and further enhance returns.",13,0.435041765130969
ING,2025-10-30,,"And fi nally, we have improved our outlook for 2025 - expecting higher fees, stronger total income, and a return on equity above 12.5%.",-1,0.0
ING,2025-10-30,,"With that, I would like to open the fl oor for Q&A.",-1,0.0
ING,2025-10-30,,"Operator, over to you.",32,0.4524389696124794
JP Morgan Chase,2025-10-14,,"Thank you, and good morning, everyone.",38,1.0
JP Morgan Chase,2025-10-14,,"Let me begin by noting that this quarter, we are experimenting with shorter prepared remarks.",-1,0.0
JP Morgan Chase,2025-10-14,,We're streamlining this part of the call to move more quickly to your questions and to minimize the amount of time spent on repeating what you have already seen in the earnings materials.,3,1.0
JP Morgan Chase,2025-10-14,,"So, with that, turning to this quarter's results, the Firm reported net income of $14.4 billion and EPS of $5.07, with an ROTCE of 20%.",20,1.0
JP Morgan Chase,2025-10-14,,"Revenue of $47.1 billion was up 9% year-on-year, predominantly driven by higher Markets revenue, as well as higher fees across Asset Management, Investment Banking and Payments.",26,1.0
JP Morgan Chase,2025-10-14,,"The increase in NII, driven by the impact of balance sheet growth and mix, was offset by the impact of lower rates.",1,0.7359780973979893
JP Morgan Chase,2025-10-14,,"Expenses of $24.3 billion were up 8% year-on-year, driven by similar themes as in prior quarters, including higher volume and revenue-related expense.",5,0.0459065726661124
JP Morgan Chase,2025-10-14,,The detailed drivers are in the presentation.,3,0.12502444836506468
JP Morgan Chase,2025-10-14,,"And credit costs were $3.4 billion, with net charge-offs of $2.6 billion and a net reserve build of $810 million.",40,1.0
JP Morgan Chase,2025-10-14,,And wholesale charge-offs were slightly elevated as a result of a couple of instances of apparent fraud in certain secured lending facilities.,-1,0.0
JP Morgan Chase,2025-10-14,,"Otherwise, in both wholesale and consumer, credit performance remains in line with our expectations.",-1,0.0
JP Morgan Chase,2025-10-14,,"And in terms of the balance sheet, we ended the quarter with a CET1 ratio of 14.8%, down 30 basis points versus the prior quarter.",12,0.17407546731919693
JP Morgan Chase,2025-10-14,,You can see the puts and takes in the presentation.,3,0.22692548475644397
JP Morgan Chase,2025-10-14,,"This quarter's higher RWA is primarily driven by increases in wholesale lending across both Banking and Markets, as well as other Markets activities.",-1,0.0
JP Morgan Chase,2025-10-14,,"Moving to our businesses, CCB reported net income of $5 billion.",20,1.0
JP Morgan Chase,2025-10-14,,"Revenue of $19.5 billion was up 9% year-on-year, predominantly driven by higher NII, largely in Card on higher revolving balances.",1,0.6636644196015381
JP Morgan Chase,2025-10-14,,A few points to highlight.,39,1.0
JP Morgan Chase,2025-10-14,,Consumers and small businesses remain resilient based on our data.,22,0.03938927118794544
JP Morgan Chase,2025-10-14,,"While we are closely watching the potentially softening labor market, our credit metrics, including early-stage delinquencies, remain stable and slightly better than expected.",30,0.23313139439677547
JP Morgan Chase,2025-10-14,,"We retained our number one position in retail deposit share in a relatively flat deposit market based on FDIC data, marking our fifth consecutive year of leading the industry.",15,0.09589620524911487
JP Morgan Chase,2025-10-14,,"And in light of the attention our Sapphire refresh has received, we want to note that this has already been the best year ever for new account acquisitions for our Sapphire portfolio.",29,0.05150559872637938
JP Morgan Chase,2025-10-14,,"Next, the CIB reported net income of $6.9 billion.",20,1.0
JP Morgan Chase,2025-10-14,,"Revenue of $19.9 billion was up 17% year-on-year, driven by higher revenues across Markets, Payments, Investment Banking and Securities Services.",26,1.0
JP Morgan Chase,2025-10-14,,"To give a bit more color, IB fees were up 16% year-on-year, reflecting a pick-up in activity across products, with particular strength in equity underwriting as the IPO market was active.",1,0.10438850101751251
JP Morgan Chase,2025-10-14,,"Our pipeline remains robust and the outlook, along with the market backdrop and client sentiment, continues to be upbeat.",-1,0.0
JP Morgan Chase,2025-10-14,,"In Markets, Fixed Income was up 21% year-on-year, with higher revenues in Rates and Credit, as well as strong performance in Securitized Products.",2,0.2738708231013701
JP Morgan Chase,2025-10-14,,"Equities was up 33% from robust client activity across the franchise, with notable outperformance in Prime.",2,0.08461844142984075
JP Morgan Chase,2025-10-14,,"Turning to Asset & Wealth Management, AWM reported net income of $1.7 billion with pre-tax margin of 36%.",20,0.1257553129419513
JP Morgan Chase,2025-10-14,,"Record revenue of $6.1 billion was up 12% year-on-year, predominantly driven by growth in management fees due to strong net inflows and higher average market levels, as well as higher brokerage activity.",26,1.0
JP Morgan Chase,2025-10-14,,"Long-term net inflows were $72 billion for the quarter, led by Fixed Income and Equities.",-1,0.0
JP Morgan Chase,2025-10-14,,"AUM of $4.6 trillion was up 18% year-on-year and client assets of $6.8 trillion were up 20% year-on-year, driven by continued net inflows and higher market levels.",-1,0.0
JP Morgan Chase,2025-10-14,,"And before turning to the outlook, Corporate reported net income of $825 million and revenue of $1.7 billion.",20,0.6191295638354176
JP Morgan Chase,2025-10-14,,"In terms of the outlook, since we've already reported three quarters of results, I'm going to update the full year guidance in terms of the fourth quarter, and in addition to that, we've done the implied full year math on the page so you can easily compare it to previous guidance.",-1,0.0
JP Morgan Chase,2025-10-14,,We expect fourth quarter NII ex.,1,1.0
JP Morgan Chase,2025-10-14,,Markets to be approximately $23.5 billion and fourth quarter total NII to be about $25 billion.,1,1.0
JP Morgan Chase,2025-10-14,,"We expect fourth quarter adjusted expense to be approximately $24.5 billion, implying $95.9 billion for the full year, with the increase driven by the stronger revenue environment.",5,0.0392522433425586
JP Morgan Chase,2025-10-14,,"And on credit, we now expect the 2025 Card net charge-off rate to be approximately 3.3% on favorable delinquency trends, driven by the continued resilience of the consumer.",31,1.0
JP Morgan Chase,2025-10-14,,"In keeping with our focus on the fourth quarter and recognizing that you'll likely annualize the fourth quarter NII and ask us questions about 2026, we're providing the central case for NII ex.",1,0.8875837219480193
JP Morgan Chase,2025-10-14,,"Markets in 2026, which is about $95 billion.",-1,0.0
JP Morgan Chase,2025-10-14,,"Note that this is a preliminary view, subject to the usual caveats, as well as the fact that we have not finished the annual budget cycle yet.",-1,0.0
JP Morgan Chase,2025-10-14,,"And for expenses, completing the budget cycle will be even more important, which is why we are not providing an update today.",-1,0.0
JP Morgan Chase,2025-10-14,,"While you probably haven't spent a lot of time refining your 2026 estimates yet, it is worth saying that when we look at the fourth quarter and adjust for seasonality and expected labor inflation, as well as adding some growth, the consensus of about $100 billion does look a little bit low.",9,1.0
JP Morgan Chase,2025-10-14,,"We will formally provide the 2026 outlook for NII, expense and Card NCO rate at fourth quarter earnings, and we'll have another opportunity to discuss the outlook at our recently announced Company Update in February.",1,1.0
JP Morgan Chase,2025-10-14,,"Thank you, and good morning, everyone.",38,1.0
JP Morgan Chase,2025-10-14,,"This quarter, the Firm reported net income of $13 billion and EPS of $4.63, with an ROTCE of 18%.",20,0.8491907262641439
JP Morgan Chase,2025-10-14,,These results included the previously announced reserve build of $2.2 billion in CCB related to the forward purchase commitment of the Apple Card portfolio.,-1,0.0
JP Morgan Chase,2025-10-14,,"Revenue of $46.8 billion was up 7% year-on-year on higher Markets revenue, as well as higher asset management fees and auto lease income.",26,1.0
JP Morgan Chase,2025-10-14,,The increase in NII ex.,1,1.0
JP Morgan Chase,2025-10-14,,"Markets was primarily driven by higher Firmwide deposit balances and revolving balances in Card, largely offset by the impact of lower rates.",-1,0.0
JP Morgan Chase,2025-10-14,,"Expenses of $24 billion were up 5% year-on-year, predominantly driven by higher volume and revenuerelated expenses and compensation growth including front office hiring, partially offset by the release of an FDIC special assessment accrual.",5,0.04671431335774697
JP Morgan Chase,2025-10-14,,"Turning to the full year results, I'll remind you that there were a few significant items in 2025, which are listed in the footnote.",9,1.0
JP Morgan Chase,2025-10-14,,"Excluding those items, the Firm reported full year net income of $57.5 billion, EPS of $20.18, revenue of $185 billion, with an ROTCE of 20%.",20,1.0
JP Morgan Chase,2025-10-14,,"And in terms of the balance sheet, we ended the quarter with a standardized CET1 ratio of 14.5%, down 30 basis points versus the prior quarter, as net income was more than offset by capital distributions and higher RWA.",12,0.4106132763358539
JP Morgan Chase,2025-10-14,,"This quarter's higher standardized RWA is driven by increases in lending across both Wholesale and retail, including the Apple Card purchase commitment, which contributed about $23 billion of standardized RWA, partially offset by lower market risk RWA.",-1,0.0
JP Morgan Chase,2025-10-14,,"You'll see that, sequentially, the advanced RWA is up more significantly than standardized.",45,0.9334145124880991
JP Morgan Chase,2025-10-14,,"And as you know, our SCB is now at the 2.5% floor, which makes advanced RWA more relevant, so we have added it to the page.",45,0.5705647246764654
JP Morgan Chase,2025-10-14,,The Apple Card transaction's advanced RWA contribution was about $110 billion based on the sum of expected drawn balances and undrawn lines on closing.,-1,0.0
JP Morgan Chase,2025-10-14,,The elevated level of advanced RWA is temporary and is expected to reduce to approximately $30 billion in the near-term.,45,1.0
JP Morgan Chase,2025-10-14,,"Moving to our businesses, CCB reported net income of $3.6 billion or $5.3 billion excluding the reserve build for the Apple Card portfolio.",20,1.0
JP Morgan Chase,2025-10-14,,"Revenue of $19.4 billion was up 6% year-on-year, predominantly driven by higher NII on higher revolving balances in Card and a higher deposit margin in Banking & Wealth Management.",1,0.6051149183932111
JP Morgan Chase,2025-10-14,,A few points to highlight.,39,1.0
JP Morgan Chase,2025-10-14,,Consumers and small businesses remain resilient.,22,0.038353587675139425
JP Morgan Chase,2025-10-14,,"We continue to monitor leading indicators for any signs of stress, and despite weak consumer sentiment, trends in our data are largely consistent with historical norms and we are not currently seeing deterioration.",22,0.03925592935013495
JP Morgan Chase,2025-10-14,,"Across income groups, debit and credit sales volume continued to perform well, up 7% year-on-year.",2,0.09316124977265453
JP Morgan Chase,2025-10-14,,"For the full year, we had strong growth in our franchise with 1.7 million net new checking accounts, 10.4 million new card accounts, and record households in wealth management across digital and advised channels.",48,1.0
JP Morgan Chase,2025-10-14,,"Next, the CIB reported net income of $7.3 billion.",20,1.0
JP Morgan Chase,2025-10-14,,"Revenue of $19.4 billion was up 10% yearon-year, driven by higher revenues in Markets, Payments and Securities Services.",26,1.0
JP Morgan Chase,2025-10-14,,"To give a bit more color, IB fees were down 5% year-on-year, reflecting a strong prior year compare and the timing of some deals that were pushed to 2026.",1,0.32275119246050993
JP Morgan Chase,2025-10-14,,"In terms of the outlook, we expect strong client engagement and deal activity in 2026, supported by constructive market dynamics, which is reflected in our pipeline.",-1,0.0
JP Morgan Chase,2025-10-14,,"In Markets, Fixed Income was up 7% year-on-year, with strong performance in Securitized Products, Rates and Currencies & Emerging Markets, largely offset by lower revenue in Credit trading.",2,0.2580204215241157
JP Morgan Chase,2025-10-14,,"Equities was up 40%, with robust performance across the franchise, particularly in Prime.",2,0.09631660374367249
JP Morgan Chase,2025-10-14,,"Turning to Asset & Wealth Management, AWM reported net income of $1.8 billion with pre-tax margin of 38%.",20,0.10236271988290543
JP Morgan Chase,2025-10-14,,"Revenue of $6.5 billion was up 13% year-on-year, predominantly driven by growth in management fees on higher average market levels and strong net inflows, as well as higher performance fees.",26,1.0
JP Morgan Chase,2025-10-14,,"Long-term net inflows were $52 billion for the quarter and $209 billion for the full year, positive across all channels, regions and asset classes.",-1,0.0
JP Morgan Chase,2025-10-14,,"In liquidity, we saw net inflows of $105 billion for the quarter and $183 billion for the year.",-1,0.0
JP Morgan Chase,2025-10-14,,And we saw record client asset net inflows of $553 billion for the year.,-1,0.0
JP Morgan Chase,2025-10-14,,"To finish up the fourth quarter results, Corporate reported net income of $307 million and revenue of $1.5 billion.",20,1.0
JP Morgan Chase,2025-10-14,,"Before I cover the outlook, I want to make a few points on non-bank financial institution lending, given the attention it received last quarter.",49,1.0
JP Morgan Chase,2025-10-14,,"When we look at NBFI lending internally, we use a narrower definition than what the Call Report uses.",-1,0.0
JP Morgan Chase,2025-10-14,,Our definition focuses on exposure to non-bank financial institutions that is collateralized by the loans the NBFIs are making to end borrowers.,49,1.0
JP Morgan Chase,2025-10-14,,"At the top of the page, we provided a reconciliation of the regulatory definition to our definition.",-1,0.0
JP Morgan Chase,2025-10-14,,"And as you can see, that results in excluding, for example, subscription lending to private equity funds, resulting in about $160 billion of exposure as of the fourth quarter.",-1,0.0
JP Morgan Chase,2025-10-14,,We've also given you categories of the exposure that we believe are a bit more intuitive and mapped to recognizable industry categories and business models of the NBFIs.,-1,0.0
JP Morgan Chase,2025-10-14,,"Now, looking at the bottom left, you can see that even though our narrower definition produces a smaller absolute number, the growth over the last seven years has been quite significant no matter how you look at it.",9,1.0
JP Morgan Chase,2025-10-14,,And the drivers of that growth are well-understood in terms of market dynamics and regulatory pressures.,-1,0.0
JP Morgan Chase,2025-10-14,,"In terms of risk, on the bottom right of the page, we've given you some detail on the structural features associated with different versions of this lending and the different asset classes.",49,1.0
JP Morgan Chase,2025-10-14,,"Given the significant amount of credit enhancement involved in this activity, as well as the absence of a traditional credit cycle during the period, it's not surprising that when we look at the loss history since 2018, we've only seen one charge-off, the one related to apparent fraud.",31,1.0
JP Morgan Chase,2025-10-14,,"Stepping back, in light of the growth and the novel elements of some components of this activity, we are quite mindful of the risk.",-1,0.0
JP Morgan Chase,2025-10-14,,"But given the structural protections, you would generally expect losses in this NBFI category to appear either as a result of additional instances of fraud-like problems or as a result of a particularly deep recession that erodes all the credit enhancement.",-1,0.0
JP Morgan Chase,2025-10-14,,"In that scenario, losses associated with traditional lending to end borrowers would likely be the greater concern for the industry.",-1,0.0
JP Morgan Chase,2025-10-14,,"Now, turning to the outlook for 2026, we continue to expect NII ex.",1,1.0
JP Morgan Chase,2025-10-14,,Markets to be about $95 billion.,-1,0.0
JP Morgan Chase,2025-10-14,,"The drivers we explained last quarter remain largely the same, so I'll cover them quickly.",-1,0.0
JP Morgan Chase,2025-10-14,,"As usual, the outlook follows the forward curve, which currently assumes two rate cuts.",25,0.15711583768694845
JP Morgan Chase,2025-10-14,,"Offsetting that is the expectation for continued loan growth in Card, although slightly less than last year, as the revolve normalization tailwind is behind us, as well as modest Firmwide deposit growth.",6,0.06025393629498555
JP Morgan Chase,2025-10-14,,"For completeness, we expect total NII to be about $103 billion for the year as a function of Markets NII increasing to about $8 billion due to lower funding costs from the rate cuts, which you should think of as being primarily offset in NIR.",1,1.0
JP Morgan Chase,2025-10-14,,"On expense, as we told you at an industry conference in December, we expect 2026 adjusted expense to be about $105 billion.",5,0.03962688596253904
JP Morgan Chase,2025-10-14,,"Broadly, the expense growth continues to align with where we see the greatest opportunities across our businesses.",-1,0.0
JP Morgan Chase,2025-10-14,,The details of the thematic drivers are listed on the page and are broadly consistent with what we've told you before.,3,0.12573933272729204
JP Morgan Chase,2025-10-14,,"On the slide, we've shown you 2024 and 2025 as well as 2026 and called out the Foundation contribution and the FDIC special assessment.",9,1.0
JP Morgan Chase,2025-10-14,,"When adjusting for those, the 2026 growth looks a bit more in line.",9,1.0
JP Morgan Chase,2025-10-14,,"So, 2026 in isolation clearly represents meaningful expense growth in both dollar and percentage terms, and that growth reflects our structural optimism about the opportunity set for the company when we look through the cycle, as well as some optimism about the near-term revenue outlook.",9,0.25680960758789767
JP Morgan Chase,2025-10-14,,"More generally, the environment is only getting more competitive, and so it remains critical to ensure that we are making the necessary investments to secure our position against both traditional and nontraditional competitors.",11,0.07852356853891895
JP Morgan Chase,2025-10-14,,"To wrap up, on credit, we expect the 2026 Card net charge-off rate to be approximately 3.4% on favorable delinquency trends, driven by the continued resilience of the consumer.",31,1.0
Visa,2025-10-28,,"Good afternoon, everyone, and welcome to Visa's fiscal fourth quarter and full year 2025 earnings call.",-1,0.0
Visa,2025-10-28,,"Joining us today are Ryan McInerney, Visa's Chief Executive Officer; and Chris Suh, Visa's Chief Financial Officer.",18,0.050008757076152155
Visa,2025-10-28,,This call is being webcast on the Investor Relations section of our website at investor.visa.com.,29,0.13492957495610752
Visa,2025-10-28,,A replay will be archived on our site for 30 days.,8,0.21636572370595603
Visa,2025-10-28,,A slide deck containing financial and statistical highlights has been posted on our IR website.,3,0.5726230502020373
Visa,2025-10-28,,Let me also remind you that this presentation includes forward-looking statements.,-1,0.0
Visa,2025-10-28,,These statements are not guarantees of future performance and our actual results could differ materially as the result of many factors.,-1,0.0
Visa,2025-10-28,,"Additional information concerning those factors is available in our most recent Annual Report on Form 10-K and any subsequent reports on Forms 10-Q and 8-K, which you can find on the SEC's website and the Investor Relations section of our website.",3,0.32696098589393696
Visa,2025-10-28,,Our comments today regarding our financial results will reflect revenue on a GAAP basis and all other results on a non-GAAP nominal basis unless otherwise noted.,3,0.2505114049034396
Visa,2025-10-28,,The related GAAP measures and reconciliation are available in today's earnings release and related materials available on our IR website.,3,0.17935206005201965
Visa,2025-10-28,,"And with that, let me turn the call over to Ryan.",32,1.0
Visa,2025-10-28,,"We finished fiscal full year 2025 with strong financial performance, an ever-growing obsession for our clients and a sharp focus on innovation as we build the future of payments.",9,0.16265921634084585
Visa,2025-10-28,,"Fiscal fourth quarter net revenue grew 12% year-over-year to $10.7 billion, and EPS was up 10%, resulting in full year net revenue and EPS year-over-year growth of 11% and 14%, respectively.",-1,0.0
Visa,2025-10-28,,"Total full year payments volume was $14 trillion, up 8% year-over-year in constant dollars, and processed transactions totaled 258 billion, up 10% year-over-year.",-1,0.0
Visa,2025-10-28,,"Our financial performance and growth demonstrate how Visa has become a hyperscaler, enabling anyone that wants to be in the money movement or payments business to build on top of the Visa as a Service stack.",0,0.36727889583675344
Visa,2025-10-28,,"You may recall the layers of the stack, the foundation layer, the services layer, the solutions layer, and the access layer.",0,1.0
Visa,2025-10-28,,"Throughout 2025 and most recently in Q4, we have intensified our investment in innovation.",9,0.17627975992576222
Visa,2025-10-28,,"Today, I want to highlight Visa's progress with our clients and the ecosystem at large, across the Visa as a Service stack, starting with the foundation layer.",0,1.0
Visa,2025-10-28,,"At the foundation of the stack is our global connectivity, our network, and our network of networks that enable global commerce and money movement.",0,1.0
Visa,2025-10-28,,"In full year 2025, we expanded our network of networks in three important ways.",-1,0.0
Visa,2025-10-28,,"First, more connection points.",-1,0.0
Visa,2025-10-28,,"Visa's network of networks now has approximately 12 billion endpoints, that's about 4 billion cards, bank accounts, and digital wallets each.",0,1.0
Visa,2025-10-28,,"Second, more settlement currencies.",-1,0.0
Visa,2025-10-28,,We are adding support for four stablecoins running on four unique blockchains representing two currencies that we can accept and convert to over 25 traditional fiat currencies.,0,0.4935999996947241
Visa,2025-10-28,,"And third, we have begun deployment of the next generation of VisaNet, the core processing platform in our Visa as a Service stack.",0,1.0
Visa,2025-10-28,,"It offers a cloud-ready microservices-distributed modular architecture that uses open languages and technologies, enabling easier scaling, configuration and faster feature deployment.",0,1.0
Visa,2025-10-28,,"Over half of the new code base was built with the assistance of generative AI, improving development speed, security and maintainability.",4,1.0
Visa,2025-10-28,,We have specific modules in market today with plans to roll-out additional modules and markets.,-1,0.0
Visa,2025-10-28,,"The next level of the Visa as a Service stack is our services layer, which encompasses the building blocks of our core capabilities, including credentials, tokens, authentication, risk management, fraud detection and more, which we've turned into discrete modular components.",0,1.0
Visa,2025-10-28,,"We grew the number of Visa credentials by 270 million this year, and we continue to sign many deals this past quarter to drive further growth.",0,0.5463471018998688
Visa,2025-10-28,,I'll share a few regional highlights.,39,1.0
Visa,2025-10-28,,"We are pleased to have renewed our nearly 60-year relationship with Barclays in the UK and the US across their millions of customers in consumer and commercial issuing and acquiring, and enabling increased focus on value-added services utilization.",24,1.0
Visa,2025-10-28,,"In the US, Visa continues to be the exclusive payment network for the Southwest Airlines co-brand program, and we will soon be expanding our relationship into a co-brand debit offering, providing customers a new way to earn Rapid Rewards points on everyday purchases.",0,0.39234580447753614
Visa,2025-10-28,,"In Latin America, we won the new Scotiabank Wealth Management credit card issuance with our Visa Infinite product across seven countries.",0,0.49792318394475393
Visa,2025-10-28,,"And in Mainland China, one of our largest clients, China Merchants Bank has renewed their long-standing relationship with us as we continue to upgrade China's mag-stripe dual-branded cards to contactless EMV chip cards.",-1,0.0
Visa,2025-10-28,,"We now have over 16 billion Visa tokens, up from 10 billion just in May of 2024.",0,1.0
Visa,2025-10-28,,We continue to increase the amount of Visa tokens globally in pursuit of our ultimate goal of 100% of e-commerce transactions tokenized.,0,1.0
Visa,2025-10-28,,"We continue to enhance our risk management capabilities, including Visa Scam Disruption which proactively detects scam activity at the network level that no single issuer, acquirer or merchant could see alone and leverages AI, enhanced merchant monitoring, external intelligence feeds and our global expertise.",0,0.2831674592387602
Visa,2025-10-28,,"Just a year since launch, we have worked closely with our clients and law enforcement to dismantle more than 25,000 scam merchants representing more than $1 billion in fraud attempts.",0,0.15601201661407418
Visa,2025-10-28,,Our stablecoin platform is another key component of our services layer.,0,0.30928884110201205
Visa,2025-10-28,,"Since 2020, we've facilitated over $140 billion in crypto and stablecoin flows, including Visa users purchasing more than $100 billion of crypto and stablecoin assets using their Visa credentials and spending more than $35 billion in crypto and stablecoin assets using Visa credentials.",0,1.0
Visa,2025-10-28,,"Within this, we see particular momentum with stablecoins.",-1,0.0
Visa,2025-10-28,,We now have more than 130 stablecoin-linked card issuing programs in over 40 countries.,0,0.12621142229368354
Visa,2025-10-28,,"And in Q4, stablecoin-linked Visa card spend quadrupled versus a year ago.",-1,0.0
Visa,2025-10-28,,We expanded the number of stablecoins and blockchains available for settlement and monthly volume has now passed a $2.5 billion annualized run rate.,-1,0.0
Visa,2025-10-28,,"We are starting to enable banks to mint and burn their own stablecoins with the Visa Tokenized Asset Platform, and we are adding stablecoin capabilities to enhance cross-border money movement with Visa Direct.",0,1.0
Visa,2025-10-28,,"In September 2025, we announced a stablecoin prefunding Visa Direct pilot targeting banks, remitters, and financial institutions seeking faster, more flexible ways to manage liquidity, and there is much more to come in this space.",0,1.0
Visa,2025-10-28,,"The next level of the Visa as a Service stack is our solutions layer, a comprehensive portfolio of solutions where we have taken the componentized capabilities from the services layer and invested in and enhanced them to create new features and capabilities we deliver to a broader array of customers and partners.",0,1.0
Visa,2025-10-28,,"If we look across our growth levers in this layer, I would note progress in a number of areas.",-1,0.0
Visa,2025-10-28,,"In consumer payments, Visa Intelligent Commerce integrates Visa's token technology with authentication and predictive analytics, empowering partners to deploy secure, personalized digital commerce experiences.",0,0.6042601548512349
Visa,2025-10-28,,And I'm pleased to announce that we are now powering live agentic transactions and recently released a merchant agent toolkit to make it easy for developers to embed our solutions into workflows and agentic processes.,0,0.24255878915839768
Visa,2025-10-28,,"Just two weeks ago, we announced the Visa Trusted Agent Protocol, a framework that enables safer agent-driven checkout by helping merchants verify agents and avoid malicious bots.",0,0.5312165689500483
Visa,2025-10-28,,"And since it's built on existing messaging standards, minimal integration is required for merchants.",0,0.3287031483675603
Visa,2025-10-28,,"Next, our Visa Flex Credential continues to gain momentum, enabling consumers to access many underlying funding sources with a single credential powered by Visa Token technology.",0,1.0
Visa,2025-10-28,,"For example, the Klarna Card launched in 15 European markets, building on its success in the US where it had over 1 million sign-ups in less than three months, and they will expand to even more markets soon.",-1,0.0
Visa,2025-10-28,,"Our Visa Flex pipeline is strong, and we now have more than 20 signed clients in more than 20 countries across all regions, including our first Visa Flex announcement in LAC with N1CO.",0,0.3980670233612114
Visa,2025-10-28,,Our Visa Accept Solution enables even the smallest of sellers to accept card payments with just a Visa debit card and an NFC-capable smartphone.,0,0.6131826969704759
Visa,2025-10-28,,"Our first live launch of Visa Accept was in Sri Lanka, which represents an opportunity to bring an estimated 7 million sellers onto the Visa network, most of which are informal sellers who primarily transact in cash today.",0,0.484002356587004
Visa,2025-10-28,,And this is just our first launch.,-1,0.0
Visa,2025-10-28,,We are targeting 25 countries across several regions where we expect to launch Visa Accept soon with even more expansion to follow.,0,0.3509685736347417
Visa,2025-10-28,,"Our Visa Pay solution connects any participating wallet to any Visa-accepting seller worldwide, local or international, in-store or online.",0,1.0
Visa,2025-10-28,,"We are pleased to now be processing live Visa Pay transactions in four markets across AP and CEMEA, including our recently announced market launch in the Democratic Republic of Congo.",0,0.4040831416526941
Visa,2025-10-28,,"In addition, we have a pipeline with more than 70 clients to expand across more markets in 2026 and beyond.",0,0.06667274906754438
Visa,2025-10-28,,Rounding out consumer payments is Tap to Everything.,-1,0.0
Visa,2025-10-28,,"79% of all face-to-face transactions are taps, up 8 percentage points this year with the US at 66%.",-1,0.0
Visa,2025-10-28,,"Our transit initiatives contributed to this expansion, and this year, we enabled more than 100 new transit systems to now total approximately 1,000 systems globally, delivering 19% year-over-year growth in transactions.",0,0.0568655844251945
Visa,2025-10-28,,"In Europe, BBVA recently launched BBVA Pay, enabling tapping from an iOS device for all Visa cards within their banking app.",0,0.36393077712126565
Visa,2025-10-28,,They also have enabled customers to use AI to create their own personalized Visa cards starting in Spain.,0,0.5399433509817382
Visa,2025-10-28,,"Tap to Phone which provides an easy, low-cost method for micro sellers to begin accepting card payments or large sellers to add additional mobile terminals has now passed 20 million transacting devices, more than doubling since last year with strong growth across all regions.",-1,0.0
Visa,2025-10-28,,"And Tap to Add Card, launched a little over a year ago, has strong adoption as consumers and our partners see the value of a simplified, more secure customer experience where a simple card tap to a mobile device can add a Visa credential to a digital wallet.",0,0.3170373254541276
Visa,2025-10-28,,"Since Q3, we have doubled the count of issuers participating globally to more than 600 across all regions, resulting in the service being live for more than 1.4 billion Visa credit and debit cards around the world.",-1,0.0
Visa,2025-10-28,,"Shifting to CMS and starting with Visa Commercial Solutions, our full year 2025 commercial payments volume grew 7% in constant dollars to $1.8 trillion.",17,0.09046314635465948
Visa,2025-10-28,,"This was helped by targeting specific segments, including business owners and online travel agencies.",0,0.08391659850002776
Visa,2025-10-28,,"In the premium card segment, we supported Chase with the launch of Chase Sapphire Reserve for business on Visa Infinite, an expansion of the Sapphire Reserve product line.",-1,0.0
Visa,2025-10-28,,The Sapphire Reserve for Business Card is designed to meet the needs of business owners by elevating their travel experience and offering premium benefits and value toward business services to help fuel their growth.,-1,0.0
Visa,2025-10-28,,"And also in the US, we are excited to have partnered with Truist to launch the Truist Business Premium Visa Infinite card, a premium credit card designed for small businesses with meaningful annual spend.",0,0.1742000961613117
Visa,2025-10-28,,They are the first super-regional to do so in this country.,-1,0.0
Visa,2025-10-28,,"Our purpose-built travel solution offers virtual card credentials, automated reconciliation and rich data.",0,0.4172860414292091
Visa,2025-10-28,,"We recently won Trip.com's global virtual travel card issuing business, which will be issued through their fintech TripLink.",0,0.29899983359418497
Visa,2025-10-28,,"In our traditional carded business, our global network agnostic enhanced spend management capabilities have helped us to expand our partnership with BMO.",11,0.22987464484087103
Visa,2025-10-28,,We recently won new commercial issuance and BMO will offer our Spend Clarity for Enterprise tool to their corporates in the US and Canada.,11,0.2819696150587938
Visa,2025-10-28,,"Our unique FX capabilities enabled us to win a de novo issuing relationship with ICICI Bank for India's first Corporate Forex Prepaid Card, targeting both SMBs and large corporates to meet foreign exchange payment needs for business travel.",0,0.13312356154102772
Visa,2025-10-28,,"In fact, in India, Visa SMB cards have doubled since 2020 and now total more than 10 million, helping us to grow total commercial cards to 340 million worldwide.",0,1.0
Visa,2025-10-28,,"Moving on to Visa Direct, which reached 12.6 billion transactions in full year 2025, up 27% year-over-year.",0,0.1326097526846682
Visa,2025-10-28,,Our push to account and wallet funding capabilities continue to help us to expand cross-border payouts.,0,0.17455745118784086
Visa,2025-10-28,,"We signed with KCB in East Africa, where they will use Visa Direct to Account for eight corridors across the more than 30 million individual and business customers.",0,0.3546648970770429
Visa,2025-10-28,,"Touch 'n Go eWallet, the largest wallet in Malaysia with more than 24 million users will leverage Visa Direct to enable tourists to fund their wallets across eight corridors.",0,1.0
Visa,2025-10-28,,"And Al Rajhi, a leading remitter with the largest branch network in the Kingdom of Saudi Arabia, expanded on its Visa Direct to card usage to now include Visa Direct to Account.",0,0.599686106523258
Visa,2025-10-28,,"And our interoperability capabilities, unlocked through our YellowPepper acquisition, enabled us to renew with Yape and Plin, securing our position as the leader for interoperable transactions in Peru.",0,0.11430414205163002
Visa,2025-10-28,,"Now, moving to value-added services where we have seen our innovations across issuing, acceptance, risk and advisory continue to power our growth.",28,1.0
Visa,2025-10-28,,We have achieved our goal to expand Pismo's offerings to clients in more than five countries across four regions in 2025.,0,0.0628456837581334
Visa,2025-10-28,,"In the fourth quarter, we signed our first Pismo deal for a stablecoin-linked card with Gnosis Pay in Europe.",0,0.11966552184082388
Visa,2025-10-28,,"In Acceptance Solutions, our Token Management Service, or TMS, provides a single network and payment service provider agnostic integration to simplify token adoption, access, and management for merchants and acquiring clients.",0,0.08770621338761046
Visa,2025-10-28,,"This quarter, we signed with Booking.com for TMS and Account Updater across more than 65 markets, deepening our presence in the online travel platform space.",-1,0.0
Visa,2025-10-28,,Many of our risk and security solutions are also network agnostic.,-1,0.0
Visa,2025-10-28,,Let me highlight a few points of progress.,39,0.5586553105228008
Visa,2025-10-28,,"Visa Advanced Authorization evaluates more than 400 unique attributes in a few milliseconds, and this quarter, Banco Diners in Ecuador deployed our network agnostic solution to score both Visa and non-Visa transactions, the first bank in LAC to do so.",0,1.0
Visa,2025-10-28,,"Our award-winning product, Visa Protect for A2A is delivering value with AI.",0,0.30818909936828665
Visa,2025-10-28,,"Our pilot in Brazil scored nearly $500 billion of our bank partners' Pix volume over a six-month period and identified over $90 million of fraud, which could have been prevented with a detection rate of more than 80%.",0,0.13344203869014837
Visa,2025-10-28,,"We believe Visa Protect for A2A can play an important role in Brazil by providing real-time fraud monitoring on Pix, helping to reduce fraud for our bank partners, and ensure a safer payment experience for buyers and sellers.",0,0.2602724573615326
Visa,2025-10-28,,Our most recently acquired risk capabilities from Featurespace are being sought after by our clients with more than 100 closed client deals since January.,28,0.2688808317836689
Visa,2025-10-28,,And our Advisory Services continued to deliver revenue and deepen our client relationships across Visa.,0,0.1333760836426016
Visa,2025-10-28,,"In Consulting, we estimate that we help clients realize over $6.5 billion of incremental revenue as a result of delivering almost 4,500 engagements during the year, including GenAI and stablecoin engagements.",26,0.14624136837672838
Visa,2025-10-28,,"In Marketing Services, our flagship sponsorships include the FIFA World Cup 2026 in the US, Canada, and Mexico as well as the Olympic and Paralympic Winter games in Milano Cortina.",0,0.054326364693961654
Visa,2025-10-28,,"We are already seeing significant interest from our clients as they seek to offer unique cardholder experiences and build their brand in addition to helping drive issuance, acceptance and engagement.",-1,0.0
Visa,2025-10-28,,One Olympic and Paralympic related marketing example was our first large-scale campaign created using generative AI tools for Intesa Sanpaolo which showcased a ski race down the streets of Italy's seaside villages.,4,0.2723258302624496
Visa,2025-10-28,,We already have over 35 clients engaged with us for marketing services for the 2026 Olympic and Paralympic Games and more than 70 for the FIFA World Cup 2026 with more than 100 already in our pipeline.,-1,0.0
Visa,2025-10-28,,"The fourth and final layer of the Visa as a Service stack on top of the foundation layer, the services layer, and the solutions layer is the access layer, the client entry point to access Visa solutions.",0,0.6787145245304254
Visa,2025-10-28,,"We take an open partnership approach and seek to provide value by enabling access to our Visa as a Service stack through multiple integration methods, including custom integrations, programmatic access via APIs and structured data exchange through our Model Context Protocol, or MCP server.",0,1.0
Visa,2025-10-28,,"We remain the payments platform of choice in full year 2025 with more than 700 billion API calls across our more than 3,700 endpoints.",0,0.06274988991911419
Visa,2025-10-28,,"And we recently launched our MCP server, providing access for AI systems to interface with our Visa Intelligent Commerce APIs.",0,1.0
Visa,2025-10-28,,"Our open, flexible access layer enables anyone whether a small business, a tech partner or a global bank to build on top of the Visa as a Service stack and operate at scale instantly.",0,1.0
Visa,2025-10-28,,"In conclusion, you can see our intense focus on innovation is delivering results for Visa and our clients.",0,0.21569929188916456
Visa,2025-10-28,,The Visa as a Service stack has positioned Visa to be a hyperscaler for the payments ecosystem.,0,0.48825798313565527
Visa,2025-10-28,,Our strong fiscal year 2025 performance is a result of our products resonating in the market and our commitment to our clients to our clients every day.,-1,0.0
Visa,2025-10-28,,"I want to thank our more than 34,000 employees around the world who will continue to obsess about our clients and work tirelessly in 2026 and beyond to deliver value through the Visa as a Service stack to our clients and across our partner ecosystem.",0,0.09618839884469144
Visa,2025-10-28,,"We live in remarkable times in payments, as technologies are converging to reshape commerce.",0,0.14046371468098964
Visa,2025-10-28,,"And at Visa, with our clients, partners, sellers and consumers we are keeping our focus on innovation and product development, positioning Visa to lead this transformation.",0,0.22288337238952455
Visa,2025-10-28,,"Now to Chris, where he will discuss our financial performance and outlook for 2026.",-1,0.0
Visa,2025-10-28,,"Thanks, Ryan, and good afternoon, everyone.",38,1.0
Visa,2025-10-28,,"Building on the momentum we saw through the first three quarters, we had a very good Q4 to finish the year with continued strong and stable business drivers.",-1,0.0
Visa,2025-10-28,,"In constant dollars, global payments volume was up 9% year-over-year improving slightly from Q3.",17,1.0
Visa,2025-10-28,,"Cross-border volume excluding Intra-Europe was up 11% and total processed transactions grew 10%, both relatively stable to Q3.",17,1.0
Visa,2025-10-28,,"Fiscal fourth quarter net revenue was up 12% year-over-year, better-than-expected, primarily due to value-added services revenue, commercial and money movement solutions revenue, and a benefit from FX.",-1,0.0
Visa,2025-10-28,,"Fourth quarter net revenue was up 11% in constant dollars EPS was up 10% year-over-year in both nominal and constant dollars, better-than-expected, primarily due to better-than-expected net revenue.",47,0.19342482274313189
Visa,2025-10-28,,Let's go into the details.,-1,0.0
Visa,2025-10-28,,"Total international payments volume was up 10% year-over-year in constant dollars in Q4, generally consistent with Q3.",17,1.0
Visa,2025-10-28,,"Of note, we saw acceleration in Asia-Pacific of approximately 2.5 points on a constant dollar basis, driven by timing effects and a modest improvement in Mainland China.",-1,0.0
Visa,2025-10-28,,"US payments volume was up 8%, slightly above Q3, with ecommerce growing faster than face-to-face spend.",17,0.7187361753819964
Visa,2025-10-28,,"Credit and debit were both up 8%, reflecting resilience in consumer spending.",-1,0.0
Visa,2025-10-28,,"When we look at quarterly spend category data in the US, we saw a broad-based strength, including improvements in retail services and goods, travel, and fuel.",22,0.07215035211930379
Visa,2025-10-28,,Both discretionary and non-discretionary spend were up from Q3.,35,0.28084359681704785
Visa,2025-10-28,,And growth across consumer spend bands remained relatively consistent with Q3 with the highest spend band continuing to grow the fastest.,17,0.1548732464173704
Visa,2025-10-28,,"Now, to cross-border volume, which I'll speak to in constant dollars and excluding Intra-Europe transactions.",17,0.48848127574195177
Visa,2025-10-28,,"Q4 total cross-border volume was up 11% year-over-year relatively stable to last quarter, with ecommerce up 13%, and travel improving sequentially to 10%.",17,1.0
Visa,2025-10-28,,"Ecommerce remained strong as it has for the last eight quarters now, and still represented about 40% of our total cross-border volume.",17,0.18558283722417507
Visa,2025-10-28,,Travel spend continued to grow above pre-COVID levels.,22,0.07503660971771528
Visa,2025-10-28,,"The slight step-up from Q3 was led by a combination of factors, including increased commercial volumes, helped by our efforts in virtual card and some improvement in CEMEA outbound due to holiday timing.",17,0.18848614316401394
Visa,2025-10-28,,"With that as a backdrop, I'll move to discuss our financial results.",-1,0.0
Visa,2025-10-28,,Starting with the revenue components.,-1,0.0
Visa,2025-10-28,,"Service revenue grew 10% year-over-year versus the 8% growth in Q3 constant dollar payments volume, primarily due to card benefits and pricing.",17,0.18349981870223678
Visa,2025-10-28,,"Data processing revenue grew 17% versus the 10% growth in processed transactions, primarily due to pricing and higher cross-border transaction mix.",17,1.0
Visa,2025-10-28,,"International transaction revenue was up 10%, below the 11% increase in constant dollar cross-border volume growth, excluding Intra-Europe, primarily due to mix, partially offset by exchange rates.",17,1.0
Visa,2025-10-28,,"Other revenue grew 21%, primarily driven by growth in advisory and other value-added services and pricing.",17,0.0556788459035419
Visa,2025-10-28,,"Client incentives grew 17%, in line with our expectations, as we lapped one-time adjustments from Q4 of fiscal 2024.",-1,0.0
Visa,2025-10-28,,Now to our three growth engines.,-1,0.0
Visa,2025-10-28,,"Consumer payments revenue was driven by strong payments volume, crossborder volume, and processed transaction growth.",17,0.45306805390226346
Visa,2025-10-28,,Commercial and money movement solutions revenue grew 14% year-over-year in constant dollars as we lap the one-time adjustment we saw in Q4 FY 2024.,-1,0.0
Visa,2025-10-28,,"CMS revenue was better-than-expected, driven primarily by our Commercial Solutions business.",-1,0.0
Visa,2025-10-28,,"Commercial payments volume grew 10% in constant dollars, 3 points above Q3 growth and faster than Visa's overall payments volume growth primarily due to new portfolio wins and the lapping of certain portfolio losses with strong client performance, especially in cross-border.",17,1.0
Visa,2025-10-28,,Visa Direct transactions grew 23% to 3.4 billion transactions with strength in both domestic and cross-border.,17,0.3982796711168718
Visa,2025-10-28,,"Value-added services revenue grew 25% in constant dollars to $3 billion driven by issuing solutions, advisory and other services and pricing.",-1,0.0
Visa,2025-10-28,,"Value-added services revenue growth was better-than-expected, primarily due to issuing solutions, both in network products and card benefits.",17,0.0929860764810828
Visa,2025-10-28,,"Operating expenses grew 13%, above our expectations due to a larger-than-expected FX impact and higher-thanexpected personnel expenses as a result of deferred compensation mark-to-market, which as a reminder is EPS neutral.",-1,0.0
Visa,2025-10-28,,"Excluding those two factors, adjusted operating expense growth would have been as expected.",5,0.04215012069212321
Visa,2025-10-28,,"Non-operating income was $29 million, higher than expected due to investment income from the deferred compensation mark-to-market benefit that offsets the expense I just mentioned, and higher returns on our investments.",-1,0.0
Visa,2025-10-28,,"Our tax rate for the quarter was 18.8%, in line with expectations.",44,1.0
Visa,2025-10-28,,"EPS was $2.98, up 10% year-over-year with minimal impacts from exchange rates and acquisitions.",47,1.0
Visa,2025-10-28,,"In Q4, we bought back approximately $4.9 billion in stock and distributed $1.1 billion in dividends to our shareholders.",8,0.20260649187690977
Visa,2025-10-28,,"We also funded the litigation escrow account by $500 million, which has the same effect on EPS as a stock buyback.",-1,0.0
Visa,2025-10-28,,"At the end of September, we had $24.9 billion remaining in our buyback authorization.",8,1.0
Visa,2025-10-28,,"With a strong finish to the fiscal year, our full year net revenue grew 11% to $40 billion, and EPS grew 14% to $11.47.",47,1.0
Visa,2025-10-28,,Full year 2025 CMS revenue growth was 15% and value-added services revenue growth was 23% on a constant dollar basis.,-1,0.0
Visa,2025-10-28,,"In a year marked by a significant step-up in uncertainty around the globe, we delivered strong results, above our expectations.",-1,0.0
Visa,2025-10-28,,"As we think about 2026, our guidance philosophy holds.",9,0.0890617566714947
Visa,2025-10-28,,We give you our best perspective based on current information.,-1,0.0
Visa,2025-10-28,,"So, let's get into the guidance details.",-1,0.0
Visa,2025-10-28,,"And a quick note, when I reference 2025 and 2026, I am referring to our fiscal years.",9,0.3647678488304582
Visa,2025-10-28,,"First, let's cover our underlying assumptions for net revenue growth.",-1,0.0
Visa,2025-10-28,,"As we regularly say, we are not economic forecasters.",22,1.0
Visa,2025-10-28,,"So, we're assuming the macroeconomic environment stays generally where it is today and consumer spending remains resilient.",22,0.5524510313277872
Visa,2025-10-28,,"On key business drivers, we are assuming no material change from the Q4 2025 growth levels in 2026.",9,0.4238245361155583
Visa,2025-10-28,,"On pricing, for 2026, we expect the benefits of new pricing to be similar in magnitude and timing as in 2025, with the majority going into effect in the back half.",9,1.0
Visa,2025-10-28,,"When you combine that with the 2025 pricing timing, this implies a relatively uniform contribution each quarter, with Q1 seeing the largest contribution.",35,1.0
Visa,2025-10-28,,"On incentives, we expect around 20% of our payments volume to be impacted by renewals this year, which implies incentive growth generally similar to 2025, with Q3 having the toughest comparable to 2025.",35,1.0
Visa,2025-10-28,,"On volatility, we expect volatility throughout the year to be generally consistent to where we exited Q4, which implies a drag for the first three quarters, with Q3 having the toughest comparable to 2025.",-1,0.0
Visa,2025-10-28,,We pull these assumptions together on an adjusted basis defined as non-GAAP results in constant dollars and excluding acquisition impacts.,3,0.19145460784855106
Visa,2025-10-28,,You can review these disclosures in our earnings presentation for more detail.,3,1.0
Visa,2025-10-28,,"In 2026, we expect full year adjusted net revenue growth to be in the low-double digits.",35,1.0
Visa,2025-10-28,,"On a nominal basis, we expect an approximately 0.5 point benefit from FX, which implies nominal net revenue growth that is generally consistent with fiscal 2025, which was 11%.",-1,0.0
Visa,2025-10-28,,We have an exciting year with the Olympic and Paralympic Games in Q2 and the FIFA World Cup in Q3 and Q4.,-1,0.0
Visa,2025-10-28,,"I'll speak to expense in a moment, but as far as net revenue impacts, we expect the benefit from value-added services to be spread throughout the year as our clients will utilize our solutions in the buildup to and during the events.",-1,0.0
Visa,2025-10-28,,"In terms of quarterly variability of net revenue, two items I would call out.",-1,0.0
Visa,2025-10-28,,"First, we expect Q1 to have the highest year-over-year net revenue growth rate, primarily due to the timing impact of our FY 2025 pricing actions.",35,1.0
Visa,2025-10-28,,"Second, we expect Q3 to have the lowest year-over-year net revenue growth rate, primarily due to the lapping impacts of strong volatility and lower-than-expected incentives in Q3 of 2025.",35,1.0
Visa,2025-10-28,,"Now, moving to expenses.",-1,0.0
Visa,2025-10-28,,"We expect to continue our significant investments in our Visa as a Service stack across consumer payments, commercial and money movement solutions, and value-added services in FY 2026.",0,0.23965799930051612
Visa,2025-10-28,,Let me share a few examples.,3,0.056843914725251486
Visa,2025-10-28,,"Within consumer payments, we will enhance our cross-border and affluent offerings, scale recently launched products and expand our stablecoin capabilities, in addition to utilizing our marketing dollars for both the Olympics and FIFA to amplify the Visa brand.",0,0.5803981059563471
Visa,2025-10-28,,"Within CMS, we'll focus our investments in specific commercial vertical opportunities and build out new Visa Direct product capabilities, focused on cross-border money movement.",0,0.3011351713732797
Visa,2025-10-28,,"And within VAS, we'll invest in our product development, as well as our sales engineering teams to deepen customer engagement and shorten deal cycles.",11,0.1760613533595425
Visa,2025-10-28,,"In addition, we're also investing in our AI efforts.",4,0.5411765343956867
Visa,2025-10-28,,"In fact, every leader at the company has AI targets to drive efficiencies that we intend to invest back in the business to further our differentiation, competitive advantage, and drive long-term growth.",4,0.4133425472882637
Visa,2025-10-28,,"We currently expect to grow adjusted operating expense in the low-double digits, consistent with our net revenue growth.",35,0.14993024583546177
Visa,2025-10-28,,"As we think about the cadence of spend, we expect Q2 and Q3 to have the largest year-over-year growth rates as a result of marketing expense related to the Olympics and FIFA.",35,1.0
Visa,2025-10-28,,"Now, moving to non-operating income.",-1,0.0
Visa,2025-10-28,,"The non-operating income we've had for the past three years has been a function of cash balances, interest rates and one-time items.",-1,0.0
Visa,2025-10-28,,"In 2026, based on current interest rate forward curves, we now expect non-operating expense of $125 million to $175 million.",5,0.046073504872693946
Visa,2025-10-28,,Now to our non-GAAP tax rate.,3,0.22617062637673305
Visa,2025-10-28,,"You may recall that we've historically estimated our long-term tax rate to be between 19% and 20%, and this remains unchanged.",44,1.0
Visa,2025-10-28,,"In both fiscal 2024 and 2025, our actual tax rate was below 18%, helped primarily by our geographic mix of earnings and certain onetime benefits, such as the resolution of tax matters and positions taken on certain taxes.",44,1.0
Visa,2025-10-28,,"In 2026, we still expect to be below our long-term tax rate.",44,0.370004234950594
Visa,2025-10-28,,"When we incorporate our current tax planning strategies, we expect the tax rate to be between 18.5% and 19%, up from 2024 and 2025, primarily due to the absence of one-time benefits.",44,1.0
Visa,2025-10-28,,"On capital return, the board has declared an increase to our quarterly dividend by 14%, and we intend to return excess free cash flow to shareholders through buybacks.",8,0.3030464127445641
Visa,2025-10-28,,All of this results in our adjusted EPS growth to be in the low double-digits.,-1,0.0
Visa,2025-10-28,,"Through October 21, with volume growth in constant dollars, US payments volume was up 7% with credit and debit both up 7%.",17,0.23115122320447967
Visa,2025-10-28,,Processed transactions grew 9% year-over-year.,17,1.0
Visa,2025-10-28,,"For constant dollar cross-border volume, excluding transactions within Europe, total volume grew 12% year-over-year, with ecommerce up 14% and travel up 11%.",17,1.0
Visa,2025-10-28,,Now on to our financial expectations.,-1,0.0
Visa,2025-10-28,,We expect Q1 adjusted net revenue growth in the high end of low doubledigits.,35,1.0
Visa,2025-10-28,,We expect adjusted operating expense growth in the low double-digits.,35,0.17490615347337324
Visa,2025-10-28,,Non-operating expense is expected to be about $15 million.,5,0.047998122100424215
Visa,2025-10-28,,And our tax rate in the first quarter is expected to be around 18%.,44,1.0
Visa,2025-10-28,,"As a result, we expect adjusted first quarter EPS growth to be in the low-teens.",47,1.0
Visa,2025-10-28,,When we look on a nominal basis for net revenue growth in Q1 we expect an approximately 0.5 benefit from FX.,35,0.1822629802882014
Visa,2025-10-28,,"And for our expense growth, we expect an approximately 0.5 point drag from FX and a 1 point impact from acquisitions, which taken together result in nominal net revenue and expense growth that are more matched at the high end of low double-digits.",-1,0.0
Visa,2025-10-28,,"As always, if the environment changes, and there are events that impact our business, we will remain flexible and thoughtful on balancing short and long-term considerations.",7,0.04766858480402662
Visa,2025-10-28,,"Visa's underlying business continues to be healthy and the growth opportunities are significant, together giving us conviction as we make investment decisions to build the future of payments to drive compelling net revenue and earnings per share growth.",0,0.22572817746902313
ABN AMRO,2024-11-12,ABN AMRO posts net profit of EUR 617 million in Q3 2025,"ABN AMRO Bank posts net profit of EUR 617 million in Q3 2025 Solid financial performance: Net profit of EUR 617 million and return on equity of 9.5% Continued growth: Mortgage portfolio expanded by EUR 2.1 billion, corporate loans by EUR 2.1 billion (including EUR 1.7 billion from HAL) and net new assets within Wealth Management by EUR 4.3 billion Strategic growth: Acquisition of NIBC Bank further strengthens position in the Dutch retail market Cost discipline: FTEs decreased by 700 in Q3 and by almost 1,000 YTD excluding inclusion of German bank Hauck Aufhäuser Lampe Sound credit quality: EUR49m in net impairment releases reflecting lower individual provisions and recoveries from written-off loans Strong capital position: CET1 ratio of 14.8%, EUR 250 million share buyback finalised in September; capital position will be reviewed in Q4 to assess the potential for further distributions Marguerite Bérard, CEO: ‘The third quarter of 2025 was another solid quarter for ABN AMRO, marked by our disciplined approach to cost management, our continued strong capital position and a further release of loan impairments.",19,0.3854886633070364
ABN AMRO,2024-11-12,ABN AMRO posts net profit of EUR 617 million in Q3 2025,These results were achieved in the benign context of the Dutch economy.,-1,0.0
ABN AMRO,2024-11-12,ABN AMRO posts net profit of EUR 617 million in Q3 2025,"There are signs that business confidence is improving, albeit against a backdrop of some caution on the future economic outlook.",-1,0.0
ABN AMRO,2024-11-12,ABN AMRO posts net profit of EUR 617 million in Q3 2025,"Labour shortage is currently identified as a primary operational challenge, cited by more than one-third of businesses as their main issue.",-1,0.0
ABN AMRO,2024-11-12,ABN AMRO posts net profit of EUR 617 million in Q3 2025,"The housing market remains strong, with prices levelling this quarter following increases in the first half of the year.",-1,0.0
ABN AMRO,2024-11-12,ABN AMRO posts net profit of EUR 617 million in Q3 2025,"In the third quarter of 2025, ABN AMRO delivered a net profit of EUR 617 million and a return on equity of 9.5%.",19,1.0
ABN AMRO,2024-11-12,ABN AMRO posts net profit of EUR 617 million in Q3 2025,"The inclusion of Hauck Aufhäuser Lampe (HAL) as of 1 July contributed positively to our results, adding EUR 26 million to Q3 profits.",-1,0.0
ABN AMRO,2024-11-12,ABN AMRO posts net profit of EUR 617 million in Q3 2025,We are shaping a top 3 private bank in the German market and the operational integration is on track.,-1,0.0
ABN AMRO,2024-11-12,ABN AMRO posts net profit of EUR 617 million in Q3 2025,"The capital impact of HAL was around -30bps in Q3, with the CET1 ratio at 14.8% at the end of the quarter.",12,0.47210651571654344
ABN AMRO,2024-11-12,ABN AMRO posts net profit of EUR 617 million in Q3 2025,"Our market share in Dutch mortgage origination increased to 19% in Q3, as our mortgage portfolio grew by EUR 2.1 billion during the quarter.",6,0.14936637118664847
ABN AMRO,2024-11-12,ABN AMRO posts net profit of EUR 617 million in Q3 2025,"In the important intermediary market, we saw an immediate positive effect from changes made to our mortgage terms: we now automatically adjust clients’ risk premium after repayments, reviewing it monthly instead of only at the end of a fixed-rate period.",30,1.0
ABN AMRO,2024-11-12,ABN AMRO posts net profit of EUR 617 million in Q3 2025,"Net interest income (NII) increased by EUR 48 million to EUR 1,580 compared to last quarter, reflecting higher deposit volumes and a higher Treasury result.",1,0.37230451339560705
ABN AMRO,2024-11-12,ABN AMRO posts net profit of EUR 617 million in Q3 2025,"Fee income also rose, with HAL adding around EUR 50m in fees and diversifying our income base.",21,0.34808493837182436
ABN AMRO,2024-11-12,ABN AMRO posts net profit of EUR 617 million in Q3 2025,"Other income declined, mainly due to negative revaluations on loans and lower equity participation results.",-1,0.0
ABN AMRO,2024-11-12,ABN AMRO posts net profit of EUR 617 million in Q3 2025,"Excluding the impact of the HAL acquisition, operating expenses benefitted from a reduction of 700 FTEs during the quarter, reflecting our commitment to right-sizing our cost base.",5,0.6163251271191997
ABN AMRO,2024-11-12,ABN AMRO posts net profit of EUR 617 million in Q3 2025,"Since the beginning of the year, FTEs have decreased by almost 1,000.",42,1.0
ABN AMRO,2024-11-12,ABN AMRO posts net profit of EUR 617 million in Q3 2025,"This quarter, external staffing costs came down by EUR 45 million, more than offsetting an increase in personnel expenses following wage increases agreed under the collective labour agreement.",5,0.02810104913809575
ABN AMRO,2024-11-12,ABN AMRO posts net profit of EUR 617 million in Q3 2025,"We recently announced that the current Social Plan, originally set to expire in July 2026, will remain unchanged through to July 2029, giving colleagues clarity and security in times of change.",9,0.3748262511342544
ABN AMRO,2024-11-12,ABN AMRO posts net profit of EUR 617 million in Q3 2025,"Today, we announced that we have reached agreement with Blackstone to acquire NIBC.",19,0.06096389692755809
ABN AMRO,2024-11-12,ABN AMRO posts net profit of EUR 617 million in Q3 2025,"NIBC is a primarily Dutch-focused entrepreneurial bank specialised in mortgage lending, savings products, commercial real estate and digital infrastructure lending.",19,0.039976204142424115
ABN AMRO,2024-11-12,ABN AMRO posts net profit of EUR 617 million in Q3 2025,"NIBC serves around 500,000 retail clients and around 175 corporate clients in ABN AMRO’s Northwest European geographical footprint.",19,0.07811462649140408
ABN AMRO,2024-11-12,ABN AMRO posts net profit of EUR 617 million in Q3 2025,The acquisition of NIBC further strengthens our position in the Dutch retail market.,19,0.03668662652800972
ABN AMRO,2024-11-12,ABN AMRO posts net profit of EUR 617 million in Q3 2025,The transaction meets our acquisition criteria is fully aligned with our strategy.,-1,0.0
ABN AMRO,2024-11-12,ABN AMRO posts net profit of EUR 617 million in Q3 2025,"This strategy, that we will present at the Capital Markets Day, is centred around profitable growth, right-sizing our cost base, and optimising our capital allocation.",13,0.16316567442461047
ABN AMRO,2024-11-12,ABN AMRO posts net profit of EUR 617 million in Q3 2025,The acquisition of NIBC is expected to improve our profitability and generate a return on invested capital of around 18%.,19,0.026552472795526964
ABN AMRO,2024-11-12,ABN AMRO posts net profit of EUR 617 million in Q3 2025,The overall impact on ABN AMRO’s CET1 ratio is expected to be approximately 70 basis points at closing.,12,0.25445185671984594
ABN AMRO,2024-11-12,ABN AMRO posts net profit of EUR 617 million in Q3 2025,Completion of the transaction is subject to regulatory approvals and is expected in the second half of 2026.,-1,0.0
ABN AMRO,2024-11-12,ABN AMRO posts net profit of EUR 617 million in Q3 2025,We look forward to welcoming NIBC’s clients and colleagues into the ABN AMRO family and to the opportunities this acquisition will bring for our clients and our business.,19,0.08260875152316818
ABN AMRO,2024-11-12,ABN AMRO posts net profit of EUR 617 million in Q3 2025,"In relation to the acquisition of NIBC, we have reassessed our mortgage brand strategy.",19,0.053310208327881733
ABN AMRO,2024-11-12,ABN AMRO posts net profit of EUR 617 million in Q3 2025,"In doing so, we have decided to focus on our core mortgage labels, ABN AMRO and Florius, and to discontinue the Moneyou brand.",19,0.23887675577665288
ABN AMRO,2024-11-12,ABN AMRO posts net profit of EUR 617 million in Q3 2025,This approach also allows us to create room for the potential inclusion of the strong NIBC mortgage label within its product and brand portfolio.,19,0.039351190470989346
ABN AMRO,2024-11-12,ABN AMRO posts net profit of EUR 617 million in Q3 2025,"Additionally, we intend to legally merge ABN AMRO Hypotheken Groep B.V.",19,0.6837967435254005
ABN AMRO,2024-11-12,ABN AMRO posts net profit of EUR 617 million in Q3 2025,into ABN AMRO Bank N.V.,19,1.0
ABN AMRO,2024-11-12,ABN AMRO posts net profit of EUR 617 million in Q3 2025,to further improve operational efficiency.,-1,0.0
ABN AMRO,2024-11-12,ABN AMRO posts net profit of EUR 617 million in Q3 2025,"The acquisition of NIBC also increases the scale of our position in the Dutch, German and Belgian savings markets.",19,0.019894112149964033
ABN AMRO,2024-11-12,ABN AMRO posts net profit of EUR 617 million in Q3 2025,"Additionally, we are exploring potential synergies through a combination with our investment offering at BUX.",11,0.19789712636788737
ABN AMRO,2024-11-12,ABN AMRO posts net profit of EUR 617 million in Q3 2025,"During the third quarter, we executed our latest EUR 250 million share buyback programme, which we announced in August.",8,1.0
ABN AMRO,2024-11-12,ABN AMRO posts net profit of EUR 617 million in Q3 2025,"On 9 September, the Dutch state announced a new trading programme which will reduce its shareholding to around 20%.",-1,0.0
ABN AMRO,2024-11-12,ABN AMRO posts net profit of EUR 617 million in Q3 2025,This is the fourth such plan introduced since early 2023 as part of the gradual return to the market of the ABN AMRO shares held by the Dutch state.,19,1.0
ABN AMRO,2024-11-12,ABN AMRO posts net profit of EUR 617 million in Q3 2025,"As well as delivering these solid financial results, we are updating our strategy for the coming years.",29,0.05626143224062773
ABN AMRO,2024-11-12,ABN AMRO posts net profit of EUR 617 million in Q3 2025,I want to thank our colleagues for their active involvement in this process while continuously supporting our clients.,18,0.03948540553680758
ABN AMRO,2024-11-12,ABN AMRO posts net profit of EUR 617 million in Q3 2025,"At our Capital Markets Day on 25 November 2025, we will present our plans for the bank and how we will create value for our stakeholders.",29,1.0
ABN AMRO,2024-11-12,ABN AMRO posts net profit of EUR 617 million in Q3 2025,"Finally, I would like to extend a heartfelt thank you to our Chief Operating Officer (COO) Ton van Nimwegen, who will step down as COO and leave the bank as per 1 January 2026.",18,0.03884234385126967
ABN AMRO,2024-11-12,ABN AMRO posts net profit of EUR 617 million in Q3 2025,He succeeded in creating a strong team spirit and encouraging high engagement among his staff.,7,0.07896085418827775
ABN AMRO,2024-11-12,ABN AMRO posts net profit of EUR 617 million in Q3 2025,"Ton will be nominated as chair of the board of the VVD, a political party in the Netherlands.",36,0.0668758014275207
ABN AMRO,2024-11-12,ABN AMRO posts net profit of EUR 617 million in Q3 2025,This position is incompatible with his executive duties at the bank.,-1,0.0
ABN AMRO,2024-11-12,ABN AMRO posts net profit of EUR 617 million in Q3 2025,"Following his stepping down, the COO’s responsibilities will be redistributed among members of the Executive Board to ensure continuity and operational efficiency.",-1,0.0
ABN AMRO,2024-11-12,ABN AMRO posts net profit of EUR 617 million in Q3 2025,I wish Ton great success in his next chapter in service of the public interest.’,7,0.12528273315773514
ABN AMRO,2024-11-25,ABN AMRO presents roadmap for profitable growth and new financial targets for 2028,"Today, ABN AMRO presents the bank’s new strategy and financial outlook for 2026-2028 at its Capital Markets Day.",19,1.0
ABN AMRO,2024-11-25,ABN AMRO presents roadmap for profitable growth and new financial targets for 2028,The new plan is designed to deliver profitable growth and enhanced value for all stakeholders.,11,0.057443572128117154
ABN AMRO,2024-11-25,ABN AMRO presents roadmap for profitable growth and new financial targets for 2028,"There are three strategic priorities for the coming years: accelerating profitable growth, right-sizing the bank’s cost base, including a net reduction of the workforce by 5,200 FTEs by 2028 compared to 2024, and deploying capital where it generates the highest returns.",11,0.052647243577533996
ABN AMRO,2024-11-25,ABN AMRO presents roadmap for profitable growth and new financial targets for 2028,"This will enable ABN AMRO to operate more efficiently, capture new opportunities and deliver greater value for all stakeholders.",19,1.0
ABN AMRO,2024-11-25,ABN AMRO presents roadmap for profitable growth and new financial targets for 2028,"Key 2028 financial targets: Return on equity (ROE): At least 12% Cost/income ratio: Below 55% Marguerite Bérard, CEO: ‘Today, we present a bold strategy for ABN AMRO’s next chapter.",19,1.0
ABN AMRO,2024-11-25,ABN AMRO presents roadmap for profitable growth and new financial targets for 2028,"Anchored in our strong roots and Dutch heritage, our focus is on sustainable and profitable growth in Northwest Europe.",-1,0.0
ABN AMRO,2024-11-25,ABN AMRO presents roadmap for profitable growth and new financial targets for 2028,Central to our strategy are five strategic long-term ambitions.,7,1.0
ABN AMRO,2024-11-25,ABN AMRO presents roadmap for profitable growth and new financial targets for 2028,"We aim to strengthen our position in Dutch retail banking, offering a premium touch client experience.",-1,0.0
ABN AMRO,2024-11-25,ABN AMRO presents roadmap for profitable growth and new financial targets for 2028,We will become a top-five private bank in Europe.,-1,0.0
ABN AMRO,2024-11-25,ABN AMRO presents roadmap for profitable growth and new financial targets for 2028,"Supporting family wealth and businesses remains a key priority, as they are the backbone of the economy.",-1,0.0
ABN AMRO,2024-11-25,ABN AMRO presents roadmap for profitable growth and new financial targets for 2028,"In addition, we will drive growth by supporting key European transitions in areas such as digitalisation, energy, mobility, and defence.",-1,0.0
ABN AMRO,2024-11-25,ABN AMRO presents roadmap for profitable growth and new financial targets for 2028,"Finally, we are committed to sustaining our global top-three position in clearing.",7,1.0
ABN AMRO,2024-11-25,ABN AMRO presents roadmap for profitable growth and new financial targets for 2028,"While these ambitions will shape our actions and investments in the coming years, I understand that changes to our cost base, especially reducing FTEs, bring uncertainty for our colleagues.",-1,0.0
ABN AMRO,2024-11-25,ABN AMRO presents roadmap for profitable growth and new financial targets for 2028,"We are fully committed to supporting everyone affected with a robust social plan, offering financial support and assistance in finding new opportunities.",-1,0.0
ABN AMRO,2024-11-25,ABN AMRO presents roadmap for profitable growth and new financial targets for 2028,Our new strategy builds on our core strengths.,7,0.4033244249055189
ABN AMRO,2024-11-25,ABN AMRO presents roadmap for profitable growth and new financial targets for 2028,We have two hundred years of banking heritage and trust.,-1,0.0
ABN AMRO,2024-11-25,ABN AMRO presents roadmap for profitable growth and new financial targets for 2028,The ABN AMRO brand is recognized as one of the strongest in the industry.,19,1.0
ABN AMRO,2024-11-25,ABN AMRO presents roadmap for profitable growth and new financial targets for 2028,"Over the past years, we have built a solid foundation.",-1,0.0
ABN AMRO,2024-11-25,ABN AMRO presents roadmap for profitable growth and new financial targets for 2028,"Still, we know that more must be done to enhance our returns and competitiveness.",13,0.018445350924286924
ABN AMRO,2024-11-25,ABN AMRO presents roadmap for profitable growth and new financial targets for 2028,"Guided by our purpose - Banking for better, for generations to come - we will continue making the right choices today and tomorrow.",-1,0.0
ABN AMRO,2024-11-25,ABN AMRO presents roadmap for profitable growth and new financial targets for 2028,"By pursuing our strategic ambitions, we will define our own future based on our own strengths.’ 2028 financial targets Return on equity (ROE): At least 12% Cost/income ratio: Below 55% Income: Over €10 billion CET1 ratio: Above 13.75% Capital allocation: Allocations to Corporate Bank reduced to around 50% Strategic priorities To accomplish our financial targets by 2028, we have determined the following strategic priorities: 1.",-1,0.0
ABN AMRO,2024-11-25,ABN AMRO presents roadmap for profitable growth and new financial targets for 2028,"Grow profitably ABN AMRO plans to strengthen its Dutch retail position by leveraging digital innovation, and invest in challenger brands like Tikkie and BUUT to attract new customers and boost fee income.",19,1.0
ABN AMRO,2024-11-25,ABN AMRO presents roadmap for profitable growth and new financial targets for 2028,The intended acquisition of NIBC will expand ABN AMRO’s position in core products mortgages and savings.,19,0.09914398470583258
ABN AMRO,2024-11-25,ABN AMRO presents roadmap for profitable growth and new financial targets for 2028,"In addition to the recent acquisition of HAL, Wealth Management will leverage synergies with family-owners, improving cross-sell between Wealth Management and Corporate Bank.",-1,0.0
ABN AMRO,2024-11-25,ABN AMRO presents roadmap for profitable growth and new financial targets for 2028,"Corporate Banking will leverage expertise in specialised finance, build on advisory capabilities and drive growth in key European transitions.",-1,0.0
ABN AMRO,2024-11-25,ABN AMRO presents roadmap for profitable growth and new financial targets for 2028,Right-size cost base ABN AMRO is simplifying its organisational structure to become more efficient and effective.,19,1.0
ABN AMRO,2024-11-25,ABN AMRO presents roadmap for profitable growth and new financial targets for 2028,"As a result, our workforce will decrease by 5,200 FTEs net by 2028 compared to 2024.",42,0.42630432325845125
ABN AMRO,2024-11-25,ABN AMRO presents roadmap for profitable growth and new financial targets for 2028,We expect around half of this to take place through attrition.,9,0.12582183439772393
ABN AMRO,2024-11-25,ABN AMRO presents roadmap for profitable growth and new financial targets for 2028,"In 2025 YTD a reduction of over 1,000 FTEs has been achieved.",42,1.0
ABN AMRO,2024-11-25,ABN AMRO presents roadmap for profitable growth and new financial targets for 2028,"Operations are being simplified driving efficiencies by reducing the number of legal entities, optimising and digitalising end-to-end processes.",-1,0.0
ABN AMRO,2024-11-25,ABN AMRO presents roadmap for profitable growth and new financial targets for 2028,"Technology is central, with legacy systems being phased out, API use expanded, and AI embedded.",4,1.0
ABN AMRO,2024-11-25,ABN AMRO presents roadmap for profitable growth and new financial targets for 2028,"Optimise capital allocation Capital is being reallocated to higher-return segments and products, exiting unprofitable exposures, and focusing growth efforts where returns are strongest.",13,0.4305908762896572
ABN AMRO,2024-11-25,ABN AMRO presents roadmap for profitable growth and new financial targets for 2028,"Risk-weighted assets in the Corporate Bank will be reduced by €10 billion, partly by enhancing data quality.",-1,0.0
ABN AMRO,2024-11-25,ABN AMRO presents roadmap for profitable growth and new financial targets for 2028,We will maintain a CET1 ratio above 13.75% and aim to distribute up to 100% of capital generated from 2026 to 2028.,12,0.474420345636405
ABN AMRO,2024-11-25,ABN AMRO presents roadmap for profitable growth and new financial targets for 2028,"These priorities are supported by four key enablers: Technology & Data, Risk Management, People and Performance and a commercially focused approach to sustainability.",11,0.07609115608328193
ABN AMRO,2024-11-25,ABN AMRO presents roadmap for profitable growth and new financial targets for 2028,"Stable and committed Leadership Team for the years to come At the upcoming Annual General Meeting, the Supervisory Board of ABN AMRO intends to nominate Chief Commercial Officers Annerie Vreugdenhil (Personal & Business Banking), Choy van der Hooft-Cheong (Wealth Management), and Dan Dorner (Corporate Banking) for a second term of four years, as their current term will expire in 2026.",18,0.027331456368465193
ABN AMRO,2024-11-25,ABN AMRO presents roadmap for profitable growth and new financial targets for 2028,This continuity will ensure ownership of the plans and maintains the necessary leadership to achieve the ambitions in our strategy.,7,1.0
ABN AMRO,2024-11-25,ABN AMRO presents roadmap for profitable growth and new financial targets for 2028,The intended nominations are subject to regulatory approval and consultation by the workers council.,-1,0.0
ABN AMRO,2024-11-25,ABN AMRO presents roadmap for profitable growth and new financial targets for 2028,"Strategic partnership Alfam Today, ABN AMRO announces that it has reached an agreement on the sale of its fully-owned subsidiary Alfam, ABN AMRO’s personal loan business, to Rabobank.",19,1.0
ABN AMRO,2024-11-25,ABN AMRO presents roadmap for profitable growth and new financial targets for 2028,"ABN AMRO will continue to offer personal loans to its clients, now via a third-party arrangement with Rabobank.",19,1.0
ABN AMRO,2024-11-25,ABN AMRO presents roadmap for profitable growth and new financial targets for 2028,This transaction is subject to regulatory approval.,-1,0.0
ABN AMRO,2024-11-25,ABN AMRO presents roadmap for profitable growth and new financial targets for 2028,Closing is expected in the third quarter of 2026.,9,1.0
Barclays,2024-1-8,"Barclays slashed 5,000 jobs in 2023 as latest overhaul ramps up","LONDON, Jan 8 (Reuters) - Barclays (BARC.L), opens new tab slashed its workforce by around 5,000 jobs in 2023 as part of a major cost-cutting drive announced last year, the bank said on Monday.",-1,0.0
Barclays,2024-1-8,"Barclays slashed 5,000 jobs in 2023 as latest overhaul ramps up","The majority of the cuts fell in Barclays Execution Services (BX), the bank's support unit, the lender said, confirming for the first time Reuters reporting from last November that the lender was eyeing thousands of cuts in that division.",24,0.2279807646141628
Barclays,2024-1-8,"Barclays slashed 5,000 jobs in 2023 as latest overhaul ramps up","""Barclays removed approximately 5,000 headcount globally through 2023 as part of its ongoing efficiency programme designed to simplify and reshape the business, improve service, and deliver higher returns,"" a spokesperson for the bank said on Monday.",24,1.0
Barclays,2024-1-8,"Barclays slashed 5,000 jobs in 2023 as latest overhaul ramps up","The cuts form part of a plan of ""material structural cost actions"" announced by Chief Executive C.S.",23,1.0
Barclays,2024-1-8,"Barclays slashed 5,000 jobs in 2023 as latest overhaul ramps up",Venkatakrishnan last year in a bid to boost profitability ahead of a presentation to investors in February alongside the bank's annual results.,-1,0.0
Barclays,2024-1-8,"Barclays slashed 5,000 jobs in 2023 as latest overhaul ramps up","While the overall cost-cutting drive had already been announced by the bank and the cuts to BX had been previously reported by Reuters, the bank's statement on Monday in response to a Sky News story clarifies the scale of its efforts so far.",-1,0.0
Barclays,2024-1-8,"Barclays slashed 5,000 jobs in 2023 as latest overhaul ramps up","Barclays has also trimmed its UK chief operating officer function, the bank said.",24,1.0
Barclays,2024-1-8,"Barclays slashed 5,000 jobs in 2023 as latest overhaul ramps up","Reporting by Shivani Tanna in Bengaluru, Lawrence White and Iain Withers in London; Editing by Maju Samuel and Aurora Ellis",-1,0.0
BlackRock,2026-1-13,"BlackRock Cuts Hundreds of Jobs, Trimming About 1% of Staff","is cutting hundreds of jobs across the company, becoming the latest Wall Street firm to rein in headcount in recent weeks.",23,1.0
BlackRock,2026-1-13,"BlackRock Cuts Hundreds of Jobs, Trimming About 1% of Staff","The cuts total about 1% of BlackRock’s global headcount, according to people familiar with the matter, who asked not to be identified discussing private information.",23,0.27126684262955647
BlackRock,2026-1-13,"BlackRock Cuts Hundreds of Jobs, Trimming About 1% of Staff","The reductions amount to about 250 employees firmwide and include members of its investment and sales teams, the people said.",23,1.0
BlackRock,2026-1-13,"BlackRock Cuts Hundreds of Jobs, Trimming About 1% of Staff","“Improving BlackRock is a constant priority,” a company spokesperson said.",-1,0.0
BlackRock,2026-1-13,"BlackRock Cuts Hundreds of Jobs, Trimming About 1% of Staff","“Each year, we make decisions to ensure that our resources are aligned with our objectives and that we are well positioned to serve clients today and in the future.” The cuts come as Chief Executive Officer Larry Fink works to re-wire the world’s largest asset manager and push deeper into alternative investments.",-1,0.0
BlackRock,2026-1-13,"BlackRock Cuts Hundreds of Jobs, Trimming About 1% of Staff","Since closing its $12 billion acquisition of private credit specialist HPS Investment Partners in July, BlackRock has been integrating its new executives and preparing to unveil a new range of funds for wealthy retail investors.",-1,0.0
BlackRock,2026-1-13,"BlackRock Cuts Hundreds of Jobs, Trimming About 1% of Staff","BlackRock instituted two rounds of job cuts last year, trimming about 1% of its headcount on each occasion, Bloomberg reported at the time.",23,1.0
BlackRock,2026-1-13,"BlackRock Cuts Hundreds of Jobs, Trimming About 1% of Staff",Other financial firms have been seeking to cut jobs and control costs.,23,0.20428073034662994
BlackRock,2026-1-13,"BlackRock Cuts Hundreds of Jobs, Trimming About 1% of Staff","is set to eliminate about 1,000 jobs this week.",23,0.4376444772283609
BlackRock,2026-1-13,"BlackRock Cuts Hundreds of Jobs, Trimming About 1% of Staff","UBS Group AG is also planning to do a round of job cuts this month and that will be followed by another round later this year as it switches off computer systems acquired from Credit Suisse, Bloomberg previously reported.",23,1.0
BlackRock,2026-1-13,"BlackRock Cuts Hundreds of Jobs, Trimming About 1% of Staff",BlackRock reports fourth-quarter earnings on Jan.,-1,0.0
BlackRock,2026-1-13,"BlackRock Cuts Hundreds of Jobs, Trimming About 1% of Staff","The company had about 24,600 employees and managed about $13.5 trillion at the end of September.",26,0.32311953466288873
BNP Paribas,2025-6-26,BNP Paribas targets profit rebound at French retail arm by 2028,"BNP aims for 17% return on equity by 2028 Revenue growth driven by net interest income recovery Includes workforce reduction without voluntary departure plan PARIS, June 26 (Reuters) - BNP Paribas plans to revive profit at its French retail division by 2028 via sales growth and headcount cuts, the euro zone's biggest bank said on Thursday, after weak results at the unit dragged on its share price.",-1,0.0
BNP Paribas,2025-6-26,BNP Paribas targets profit rebound at French retail arm by 2028,"The bank said in a presentation its French retail and consumer finance unit, CPBF, is targeting a return on normalized equity above 17% by 2028, up from 9.8% in 2024.",-1,0.0
BNP Paribas,2025-6-26,BNP Paribas targets profit rebound at French retail arm by 2028,"This turnaround will be driven by average annual revenue growth of more than 5% between 2024 and 2028, largely fuelled by a recovery in net interest income – the difference between what a bank earns on loans and pays out on deposits.",6,0.07878226115910793
BNP Paribas,2025-6-26,BNP Paribas targets profit rebound at French retail arm by 2028,"BNP expects revenue growth to outpace cost increases over the period, allowing for improved profitability.",-1,0.0
BNP Paribas,2025-6-26,BNP Paribas targets profit rebound at French retail arm by 2028,"This will be notably supported by a reduction in headcount, though the bank said no voluntary departure plan was in place.",-1,0.0
BNP Paribas,2025-6-26,BNP Paribas targets profit rebound at French retail arm by 2028,"""In France, we intend to continue adjusting our footprint to match client needs.",-1,0.0
BNP Paribas,2025-6-26,BNP Paribas targets profit rebound at French retail arm by 2028,"Since COVID-19, customer behaviour has changed, and we must keep adapting,"" CPBF Chief Financial Officer Maryline Anglaret told investors.",-1,0.0
BNP Paribas,2025-6-26,BNP Paribas targets profit rebound at French retail arm by 2028,"The group plans to reduce both the number of branches and so-called full-time equivalents (FTEs), a standard measure of workforce size.",42,1.0
BNP Paribas,2025-6-26,BNP Paribas targets profit rebound at French retail arm by 2028,BNP said it is targeting an average annual FTE reduction of 2.2% to 2.5% between 2026 and 2030.,42,1.0
BNP Paribas,2025-6-26,BNP Paribas targets profit rebound at French retail arm by 2028,"BNP Paribas operated 1,545 branches in France at the end of 2024, down from 2,095 in 2014.",-1,0.0
BNP Paribas,2025-6-26,BNP Paribas targets profit rebound at French retail arm by 2028,"The bank has told employee representatives it plans to accelerate closures, with around 500 branches expected to shut by 2030, according to French business daily Les Echos.",-1,0.0
BNP Paribas,2025-6-26,BNP Paribas targets profit rebound at French retail arm by 2028,The bank's French retail unit head Isabelle Loc told investors there was no specific target for the number of branch closures.,-1,0.0
BNP Paribas,2025-6-26,BNP Paribas targets profit rebound at French retail arm by 2028,"Other savings will come from streamlining support functions, cutting real estate costs, pooling ATMs with other banks, and using artificial intelligence, BNP said.",4,0.029643795444605138
BNP Paribas,2025-6-26,BNP Paribas targets profit rebound at French retail arm by 2028,"In 2024, CPBF accounted for 13.5% of group revenue and 8.2% of BNP's pre-tax income, it said.",-1,0.0
BNP Paribas,2025-6-26,BNP Paribas targets profit rebound at French retail arm by 2028,Reporting by Mathieu Rosemain and Bertrand de Meyer; Editing by Jan Harvey,-1,0.0
Bank of America,2025-11-17,"BofA says AI is boosting bankers' productivity, revenue","Bank of America (BAC) plans to spend billions of dollars on technologies such as artificial intelligence to boost bankers' productivity and bring in more revenue,​ its chief technology and information officer said on Monday.",4,0.02199492389573064
Bank of America,2025-11-17,"BofA says AI is boosting bankers' productivity, revenue","BofA plans to allocate $4 billion into new technology capabilities ‌from its $13 billion tech budget, the company told investors earlier this month.",4,0.023876304046438066
Bank of America,2025-11-17,"BofA says AI is boosting bankers' productivity, revenue",It plans to use AI more widely across all its businesses.,4,1.0
Bank of America,2025-11-17,"BofA says AI is boosting bankers' productivity, revenue","""How many ‌clients can a given relationship banker cover if you're able to actually automate that process using AI,"" such as preparing client briefing documents before meetings, Hari Gopalkrishnan, who took over the role at BofA in July, said at the Reuters Momentum AI Finance conference in New York.",4,0.057987637963617986
Bank of America,2025-11-17,"BofA says AI is boosting bankers' productivity, revenue","""You now can have a banker cover 50 clients instead of 15.",-1,0.0
Bank of America,2025-11-17,"BofA says AI is boosting bankers' productivity, revenue","And ⁠that's exactly what we're seeing in ‌the real world."" In wealth management, the second-biggest U.S.",-1,0.0
Bank of America,2025-11-17,"BofA says AI is boosting bankers' productivity, revenue","lender sends AI-generated market information to its financial advisers, combined with data on clients' portfolios, so that bankers ‍can better tailor their investment advice, he said.",4,0.07116015409131785
Bank of America,2025-11-17,"BofA says AI is boosting bankers' productivity, revenue","The bank's 18,000 developers have been using AI agents for the last year, and observed ""significant gains"" in productivity to automate or speed up mundane tasks, including streamlining some software tests by 90%.",4,0.6468767015326892
Bank of America,2025-11-17,"BofA says AI is boosting bankers' productivity, revenue","""Our ​teams are looking at growth, and we're in the process of strategic planning for the next three years, ‌and you see much more aggressive objectives,"" Gopalkrishnan said.",7,0.18390119103769723
Bank of America,2025-11-17,"BofA says AI is boosting bankers' productivity, revenue","""These tools are now taking flight."" Earlier this year, larger rival JPMorgan Chase said AI tools enabled it to boost sales to wealthy clients and manage scores of requests during April's market rout.",4,0.6762255666660348
Bank of America,2025-11-17,"BofA says AI is boosting bankers' productivity, revenue","Goldman Sachs is rolling out a generative AI assistant to its bankers, traders and asset managers, while Morgan Stanley developed a chatbot for its financial advisers with OpenAI.",4,0.36852224591593596
Bank of America,2025-11-17,"BofA says AI is boosting bankers' productivity, revenue","BofA's virtual assistant, Erica, has done work for ⁠customers that would have otherwise required 11,000 employees, he said, ​including routine requests like ordering checks or disputing transactions.",4,0.037829831739704445
Bank of America,2025-11-17,"BofA says AI is boosting bankers' productivity, revenue",The chatbot was launched in ​2018 and has since logged three billion client interactions.,4,0.14833793289980202
Bank of America,2025-11-17,"BofA says AI is boosting bankers' productivity, revenue",Its more advanced applications include predictive data and tools for budgeting and investing.,4,0.04423230886146035
Bank of America,2025-11-17,"BofA says AI is boosting bankers' productivity, revenue",BofA has invested heavily in technology in recent years.,4,0.022199217528978524
Bank of America,2025-11-17,"BofA says AI is boosting bankers' productivity, revenue","It has more than ‍59 million digital users and its ⁠patent filings exceed 7,800.",-1,0.0
Bank of America,2025-11-17,"BofA says AI is boosting bankers' productivity, revenue","When asked about potential job losses from AI, Gopalkrishnan said BofA is focused on training its 213,000 employees to better use AI to reduce mundane tasks so they can focus on bringing in more ⁠business.",4,0.034952847122617446
Bank of America,2025-11-17,"BofA says AI is boosting bankers' productivity, revenue","""The reskilling, along with the leverage to be able to apply a much broader revenue opportunity, has served us very well,"" ‌Gopalkrishnan said.",10,0.016091587321310698
Bank of America,2025-11-17,"BofA says AI is boosting bankers' productivity, revenue",That view contrasts with Wells Fargo CEO Charlie Scharf's view that AI will drive headcount reductions.,4,0.05201273771493919
Citigroup,2026-1-14,Citigroup CEO Jane Fraser warns of job cuts and says it’s time to raise the bar in a fiery memo to staff: ‘We are not graded on effort’,"Citigroup CEO Jane Fraser, one of Fortune‘s Most Powerful Women—and the top female executive on Wall Street—is pushing ahead with about 1,000 job cuts and has warned staff that “we are not graded on effort” in a fiery internal memo setting a tougher tone for 2026.",18,0.16479158722252046
Citigroup,2026-1-14,Citigroup CEO Jane Fraser warns of job cuts and says it’s time to raise the bar in a fiery memo to staff: ‘We are not graded on effort’,"The cuts are part of a multiyear overhaul that could ultimately eliminate up to 20,000 roles as Fraser demands hard results and an end to what she calls the bank’s “old, bad habits.” ​ In the memo, previously reported by Bloomberg, Fraser told Citi’s roughly 200,000‑plus employees “the bar is raised” and stressed performance will be judged on outcomes rather than intentions or long hours.",-1,0.0
Citigroup,2026-1-14,Citigroup CEO Jane Fraser warns of job cuts and says it’s time to raise the bar in a fiery memo to staff: ‘We are not graded on effort’,“We are not graded on effort.,-1,0.0
Citigroup,2026-1-14,Citigroup CEO Jane Fraser warns of job cuts and says it’s time to raise the bar in a fiery memo to staff: ‘We are not graded on effort’,"We are judged on our results,” she wrote, adding she expects “the last vestiges of old, bad habits” to disappear as the bank pursues a leaner, more commercially aggressive culture in 2026.",-1,0.0
Citigroup,2026-1-14,Citigroup CEO Jane Fraser warns of job cuts and says it’s time to raise the bar in a fiery memo to staff: ‘We are not graded on effort’,"The language marks one of her sharpest internal messages since she took over in 2021, underscoring a shift from transformation planning to execution.​ Fraser’s approach also demonstrates why Fortune contributor Jeffrey Sonnenfeld, the Lester Crown professor of leadership practice at the Yale School of Management, chose the Citi CEO as one of his top performers of 2025.",18,0.5499672998849645
Citigroup,2026-1-14,Citigroup CEO Jane Fraser warns of job cuts and says it’s time to raise the bar in a fiery memo to staff: ‘We are not graded on effort’,"Fraser’s “Project Bora Bora” restructuring resulted in full-year revenues tracking toward $84 billion in 2025, the highest since 2010, with records for all five business segments in the last quarter.",26,1.0
Citigroup,2026-1-14,Citigroup CEO Jane Fraser warns of job cuts and says it’s time to raise the bar in a fiery memo to staff: ‘We are not graded on effort’,The latest earnings quarter saw all five business segments hit quarterly records.,-1,0.0
Citigroup,2026-1-14,Citigroup CEO Jane Fraser warns of job cuts and says it’s time to raise the bar in a fiery memo to staff: ‘We are not graded on effort’,"The stock’s performance ranking, up 67% in 2025, made it the best among major U.S.",-1,0.0
Citigroup,2026-1-14,Citigroup CEO Jane Fraser warns of job cuts and says it’s time to raise the bar in a fiery memo to staff: ‘We are not graded on effort’,"banks, in a year when Fraser was elected Chair of the Citigroup Board of Directors and was named Euromoney “Banker of the Year 2025.” Citigroup is poised to eliminate about 1,000 positions this week, as previously reported by Bloomberg, a move that follows earlier rounds of layoffs and brings the bank closer to a broader plan to cut roughly 20,000 jobs by 2026, or about 8% of its global workforce, according to people familiar with the matter.",-1,0.0
Citigroup,2026-1-14,Citigroup CEO Jane Fraser warns of job cuts and says it’s time to raise the bar in a fiery memo to staff: ‘We are not graded on effort’,"The reductions are tied to a sweeping restructuring unveiled in early 2024 that aims to simplify management layers, streamline businesses, and deliver up to $2.5 billion in cost savings.",23,0.2310566972750013
Citigroup,2026-1-14,Citigroup CEO Jane Fraser warns of job cuts and says it’s time to raise the bar in a fiery memo to staff: ‘We are not graded on effort’,"Citi has already shed more than 10,000 roles under Fraser’s overhaul.​ Fraser’s memo signals a cultural reset at a bank long criticized for lagging behind rivals on profitability and efficiency, and she explicitly called time on what she describes as legacy behaviors that dulled Citi’s competitive edge.",18,1.0
Citigroup,2026-1-14,Citigroup CEO Jane Fraser warns of job cuts and says it’s time to raise the bar in a fiery memo to staff: ‘We are not graded on effort’,"She urged bankers to adopt a more “commercial mindset,” telling staff to “ask for the business,” fight for a “full wallet” with clients, and stop settling for secondary roles or missed opportunities.",-1,0.0
Citigroup,2026-1-14,Citigroup CEO Jane Fraser warns of job cuts and says it’s time to raise the bar in a fiery memo to staff: ‘We are not graded on effort’,The job cuts are being accelerated by investments in automation and artificial intelligence that are changing how work is done across the bank.,4,0.03152325519321032
Citigroup,2026-1-14,Citigroup CEO Jane Fraser warns of job cuts and says it’s time to raise the bar in a fiery memo to staff: ‘We are not graded on effort’,"Fraser told employees and investors as Citi completes more than 80% of its massive “Transformation” program, technology and process simplification will mean some roles evolve, new positions appear and “others will no longer be required.” Outgoing CFO Mark Mason said he expects headcount to keep falling this year as AI tools and streamlined processes take hold, even as Citi continues to hire top talent in key areas like investment banking.​ Fraser has framed 2026 as the year a “more disciplined, more confident, winning Citi” must fully emerge, arguing the transformation and painful cuts are laying the foundation for stronger, more consistent returns.",18,0.740957196759958
Citigroup,2026-1-14,Citigroup CEO Jane Fraser warns of job cuts and says it’s time to raise the bar in a fiery memo to staff: ‘We are not graded on effort’,"But the strategy carries high stakes: Citi must prove to investors the layoffs, technology spending, and cultural shake‑up can close its long‑standing performance gap with Wall Street rivals while maintaining morale among the staff she is now bluntly reminding that effort alone will not be enough.",18,1.0
Commerzbank,2025-2-13,"Commerzbank to cut 3,900 mostly German jobs as it tries to head off UniCredit","FRANKFURT, Feb 13 (Reuters) - Commerzbank (CBKG.DE), opens new tab plans to axe 3,900 mostly local jobs to help it deliver more ambitious profit targets as part of its strategy to fend off UniCredit's (CRDI.MI), opens new tab advances for a tie-up between the German and Italian lenders, it said on Thursday.",-1,0.0
Commerzbank,2025-2-13,"Commerzbank to cut 3,900 mostly German jobs as it tries to head off UniCredit","The job cuts are expected to take place by 2028 but will be accompanied by hiring outside Germany, meaning full-time positions will remain steady at 36,700, the bank said.",23,1.0
Commerzbank,2025-2-13,"Commerzbank to cut 3,900 mostly German jobs as it tries to head off UniCredit","For months, Commerzbank's management, under the leadership of CEO Bettina Orlopp, has been working on a plan she has said would reveal the ""significant value potential"" of the bank.",43,1.0
Commerzbank,2025-2-13,"Commerzbank to cut 3,900 mostly German jobs as it tries to head off UniCredit","The battle for Commerzbank, pitting one of Italy's biggest banks against the German establishment, has become a test case of the country's ability to fend off foreign suitors and prevent its financial centre from losing one of its few remaining big commercial banks.",43,1.0
Commerzbank,2025-2-13,"Commerzbank to cut 3,900 mostly German jobs as it tries to head off UniCredit","Commerzbank, the nation's No.",43,1.0
Commerzbank,2025-2-13,"Commerzbank to cut 3,900 mostly German jobs as it tries to head off UniCredit","2 bank, is hoping that a raft of targets unveiled on Thursday will convince its investors that it can thrive as an independent company.",-1,0.0
Commerzbank,2025-2-13,"Commerzbank to cut 3,900 mostly German jobs as it tries to head off UniCredit","Deutsche Bank analysts called the new guidance ""bullish"".",-1,0.0
Commerzbank,2025-2-13,"Commerzbank to cut 3,900 mostly German jobs as it tries to head off UniCredit","RBC described the new goals as ""punchy"".",7,1.0
Commerzbank,2025-2-13,"Commerzbank to cut 3,900 mostly German jobs as it tries to head off UniCredit","Commerzbank, which is partly state-owned and has labelled UniCredit's moves as hostile, said it would incur 700 million euros ($730 million) in restructuring charges in 2025.",43,1.0
Commerzbank,2025-2-13,"Commerzbank to cut 3,900 mostly German jobs as it tries to head off UniCredit",The bank raised some of its 2027 targets.,-1,0.0
Commerzbank,2025-2-13,"Commerzbank to cut 3,900 mostly German jobs as it tries to head off UniCredit","It is now aiming for net profit of 3.8 billion euros in 2027, up from a previous goal of 3.6 billion euros.",8,0.015997765431668493
Commerzbank,2025-2-13,"Commerzbank to cut 3,900 mostly German jobs as it tries to head off UniCredit","In addition, it is now aiming for a cost-to-income ratio of 53% in 2027, down from 54%.",-1,0.0
Commerzbank,2025-2-13,"Commerzbank to cut 3,900 mostly German jobs as it tries to head off UniCredit","The bank's shares were up 1.8% mid-afternoon, after gaining nearly 50% in the months since UniCredit expressed its interest.",43,0.2532204764457604
Commerzbank,2025-2-13,"Commerzbank to cut 3,900 mostly German jobs as it tries to head off UniCredit","Commerzbank's strategy update follows a better-than-expected 20% increase in full-year net profit, a result the bank believes illustrates the success of its turnaround in recent years.",43,1.0
Commerzbank,2025-2-13,"Commerzbank to cut 3,900 mostly German jobs as it tries to head off UniCredit","""Now it's about lifting Commerzbank to the next level,"" Orlopp said.",43,1.0
Commerzbank,2025-2-13,"Commerzbank to cut 3,900 mostly German jobs as it tries to head off UniCredit","Andrea Orcel, the CEO of UniCredit, shocked Germany's corporate and political establishment last year when his Italian bank - also that nation's No.",43,1.0
Commerzbank,2025-2-13,"Commerzbank to cut 3,900 mostly German jobs as it tries to head off UniCredit",2 - snapped up a hefty stake in Commerzbank and began pressing for a tie-up in the most ambitious attempt yet at a pan-European bank merger.,43,1.0
Commerzbank,2025-2-13,"Commerzbank to cut 3,900 mostly German jobs as it tries to head off UniCredit","Commerzbank's job cuts will come through natural fluctuations and early retirements, the bank said on Thursday.",23,1.0
Commerzbank,2025-2-13,"Commerzbank to cut 3,900 mostly German jobs as it tries to head off UniCredit",Hiring will take place in Poland and nearby cheaper locations.,-1,0.0
Commerzbank,2025-2-13,"Commerzbank to cut 3,900 mostly German jobs as it tries to head off UniCredit","Despite the cuts, the Verdi labour union voiced support for the plan, saying it rejected UniCredit's overtures and its ""slash and burn 'made in Milan'"" strategy which it fears would lead to even greater job losses.",23,0.4145248597643167
Commerzbank,2025-2-13,"Commerzbank to cut 3,900 mostly German jobs as it tries to head off UniCredit",UniCredit didn't respond to a request for comment.,43,0.520139939771192
Commerzbank,2025-2-13,"Commerzbank to cut 3,900 mostly German jobs as it tries to head off UniCredit","UniCredit's Orcel, who has long considered a tie-up with Commerzbank, has said a combination between the two banks would be the best possible outcome, opens new tab, and said any offer could still be months away.",43,0.624366104010214
Commerzbank,2025-2-13,"Commerzbank to cut 3,900 mostly German jobs as it tries to head off UniCredit",He has not ruled out walking away.,-1,0.0
Commerzbank,2025-2-13,"Commerzbank to cut 3,900 mostly German jobs as it tries to head off UniCredit","Commerzbank's management, employees and the nation's chancellor, Olaf Scholz, have all spoken against a potential takeover, but at least one big investor and some business leaders favour talks.",43,1.0
Commerzbank,2025-2-13,"Commerzbank to cut 3,900 mostly German jobs as it tries to head off UniCredit",Political defiance remains strong.,7,0.47021226239100167
Commerzbank,2025-2-13,"Commerzbank to cut 3,900 mostly German jobs as it tries to head off UniCredit","Boris Rhein, the premier of Commerzbank's home state of Hesse, told a gathering of Germany's financial elite on Monday that UniCredit needed to give up.",43,1.0
Commerzbank,2025-2-13,"Commerzbank to cut 3,900 mostly German jobs as it tries to head off UniCredit","""Nobody wants what you are doing.",-1,0.0
Commerzbank,2025-2-13,"Commerzbank to cut 3,900 mostly German jobs as it tries to head off UniCredit","Withdraw!"" Rhein said.",43,0.06892769566740231
Deutsche Bank,2025-01-30,Deutsche-Bank-Q4-FY-2024-Presentation,"Ongoing delivery of efficiency measures Workforce restructuring in 2024: - Approximately 3,500 roles eliminated - 1,800 contractors removed - Hired 1,300 technology specialists - Added 400 revenue-generating roles Optimization initiatives in Germany.",23,0.16211960452139235
Deutsche Bank,2025-01-30,Deutsche-Bank-Q4-FY-2024-Presentation,Technology architecture and infrastructure efficiency.,-1,0.0
Deutsche Bank,2025-01-30,Deutsche-Bank-Q4-FY-2024-Presentation,Front-to-back setup re-design and automation of processes.,4,0.23782202042934994
Deutsche Bank,2025-01-30,Deutsche-Bank-Q4-FY-2024-Presentation,"Cost management agenda for 2025: Focus on delivering incremental savings towards the €2.5bn efficiency objective, with in-year savings in 2025 to come from: - Germany optimization (€0.2bn) - IT and infrastructure optimization (€0.3bn) - Front-to-back re-design and automation of processes (€0.2bn) Targeted cost-income ratio reset to below 65% in 2025, delivering significant operating leverage, with franchise growth achieved with flat operating expenses.",-1,0.0
Deutsche Bank,2025-3-19,"Deutsche Bank plans to cut 2,000 jobs with 'significant' branch reduction","URL: https://www.reuters.com/business/finance/deutsche-bank-plans-significant-branch-reduction-2000-fewer-staff-2025-2025-03-19/ FRANKFURT, March 19 (Reuters) - Deutsche Bank (DBKGn.DE), opens new tab will cut the headcount of its retail bank by almost 2,000 people in 2025 with a ""significant"" reduction in the number of branches, Chief Executive Officer Christian Sewing said on Wednesday.",-1,0.0
Deutsche Bank,2025-3-19,"Deutsche Bank plans to cut 2,000 jobs with 'significant' branch reduction",The job reduction figure is a new disclosure from Germany's largest bank and comes as the lender aims to meet a series of ambitious financial targets by the end of the year.,23,1.0
Deutsche Bank,2025-3-19,"Deutsche Bank plans to cut 2,000 jobs with 'significant' branch reduction","""We will reduce again branches like we had planned this year in quite a significant number,"" Sewing said at a financial conference organised by Morgan Stanley, adding the cuts would come at both the Deutsche Bank and Postbank brands.",23,0.2765231317294334
Deutsche Bank,2025-3-19,"Deutsche Bank plans to cut 2,000 jobs with 'significant' branch reduction",Deutsche Bank closed 125 branches last year and indicated more closures were on the way.,-1,0.0
Deutsche Bank,2025-3-19,"Deutsche Bank plans to cut 2,000 jobs with 'significant' branch reduction",Sewing and the bank did not say how many more branches would close in 2025.,-1,0.0
Deutsche Bank,2025-3-19,"Deutsche Bank plans to cut 2,000 jobs with 'significant' branch reduction",Sewing said the bank had already factored in the restructuring costs for the jobs.,23,0.26073791589706985
Barclays,2023-11-24,"Exclusive: Barclays working on $1.25 bln cost plan, could cut up to 2,000 jobs -source","LONDON, Nov 24 (Reuters) - Barclays (BARC.L), opens new tab is working on plans to save up to 1 billion pounds ($1.25 billion), which could involve cutting as many as 2,000 jobs, mainly in the British bank's back office, a person with direct knowledge of the proposals told Reuters.",24,1.0
Barclays,2023-11-24,"Exclusive: Barclays working on $1.25 bln cost plan, could cut up to 2,000 jobs -source","Managers at Barclays, led by Chief Executive C.S.",24,1.0
Barclays,2023-11-24,"Exclusive: Barclays working on $1.25 bln cost plan, could cut up to 2,000 jobs -source","Venkatakrishnan who is known within the bank as Venkat, are reviewing proposals aimed at boosting profitability.",-1,0.0
Barclays,2023-11-24,"Exclusive: Barclays working on $1.25 bln cost plan, could cut up to 2,000 jobs -source","As part of these, 1,500 to 2,000 jobs could be cut if the plans are implemented in full, the person said.",23,1.0
Barclays,2023-11-24,"Exclusive: Barclays working on $1.25 bln cost plan, could cut up to 2,000 jobs -source",A spokesperson for Barclays declined to comment on Thursday.,24,1.0
Barclays,2023-11-24,"Exclusive: Barclays working on $1.25 bln cost plan, could cut up to 2,000 jobs -source","The potential cuts would primarily be at Barclays Execution Services, known internally as 'BX', and would form part of an overall target of reducing expenses by up to 1 billion pounds across the group over several years, the person added.",24,0.2545900869079471
Barclays,2023-11-24,"Exclusive: Barclays working on $1.25 bln cost plan, could cut up to 2,000 jobs -source","Analysts said the scale of the potential savings could reassure investors, given market forecasts had ranged from 500 million to 1.5 billion pounds in restructuring costs for the bank without much sense of how that would translate to savings.",-1,0.0
Barclays,2023-11-24,"Exclusive: Barclays working on $1.25 bln cost plan, could cut up to 2,000 jobs -source","""Before today the market knew roughly how much this might cost but not what the benefits are, which now becomes clearer,"" said Benjamin Toms, an analyst at RBC.",-1,0.0
Barclays,2023-11-24,"Exclusive: Barclays working on $1.25 bln cost plan, could cut up to 2,000 jobs -source","""This will be viewed as a net positive for investors, but we now need to see more detail on how long the benefits will take to appear,"" he said.",29,0.20221393447582084
Barclays,2023-11-24,"Exclusive: Barclays working on $1.25 bln cost plan, could cut up to 2,000 jobs -source","Barclays has made efforts to reduce expenses in recent years by slashing bonuses, as well as jobs in its retail and investment banking businesses, but moves to shrink BX and the potential savings have not been reported before.",24,1.0
Barclays,2023-11-24,"Exclusive: Barclays working on $1.25 bln cost plan, could cut up to 2,000 jobs -source","Created in 2017 to consolidate support functions for the bank's two main business divisions, UK retail banking and international, BX was designed to eliminate duplication and implement post-crisis risk management rules.",24,0.17759002406232097
Barclays,2023-11-24,"Exclusive: Barclays working on $1.25 bln cost plan, could cut up to 2,000 jobs -source",Barclays' 1 billion pound cost saving target would represent about 7% of the bank's underlying annual operating expenses of 15 billion pounds in 2022.,24,1.0
Barclays,2023-11-24,"Exclusive: Barclays working on $1.25 bln cost plan, could cut up to 2,000 jobs -source","The BX headcount discussions are ongoing and Barclays could decided to prioritise layoffs in other areas, the source said.",24,0.2907809102337845
Barclays,2023-11-24,"Exclusive: Barclays working on $1.25 bln cost plan, could cut up to 2,000 jobs -source",BX's staffing and costs have grown significantly in recent years.,-1,0.0
Barclays,2023-11-24,"Exclusive: Barclays working on $1.25 bln cost plan, could cut up to 2,000 jobs -source","Its headcount rose to about 22,300 as of the end of 2022, from 20,000 at end-2017, and now accounts for more than a quarter of Barclays staff, regulatory filings show.",24,1.0
Barclays,2023-11-24,"Exclusive: Barclays working on $1.25 bln cost plan, could cut up to 2,000 jobs -source","Meanwhile, annual staff costs at BX have risen to 2 billion pounds, from 1.8 billion pounds.",-1,0.0
Barclays,2023-11-24,"Exclusive: Barclays working on $1.25 bln cost plan, could cut up to 2,000 jobs -source",Venkat is under pressure to find ways to boost Barclays' tumbling book value ahead of an investor presentation in February when he will unveil a fresh strategy.,-1,0.0
Barclays,2023-11-24,"Exclusive: Barclays working on $1.25 bln cost plan, could cut up to 2,000 jobs -source","Since taking over as CEO, the veteran banker has grappled with the fallout from a trading blunder that cost the bank hundreds of millions of dollars.",-1,0.0
Barclays,2023-11-24,"Exclusive: Barclays working on $1.25 bln cost plan, could cut up to 2,000 jobs -source","He also faces a prolonged battle to maintain morale across Barclays' investment bank, where a talent exodus is hindering attempts to compete with European rivals such as Deutsche Bank (DBKGn.DE), opens new tab, BNP Paribas (BNPP.PA), opens new tab and UBS (UBSG.S), opens new tab.",-1,0.0
Barclays,2023-11-24,"Exclusive: Barclays working on $1.25 bln cost plan, could cut up to 2,000 jobs -source","Barclays' shares gained 0.3% on Friday morning following Reuters' first reporting the potential cuts late on Thursday, the only major British bank shares to rise on the day with the benchmark FTSE index (.FTSE), opens new tab down 0.3%.",24,0.09201323761941985
Barclays,2023-11-24,"Exclusive: Barclays working on $1.25 bln cost plan, could cut up to 2,000 jobs -source",Barclays' share price has fallen 26% since Venkat took charge on Nov.,24,0.26142617815702857
Barclays,2023-11-24,"Exclusive: Barclays working on $1.25 bln cost plan, could cut up to 2,000 jobs -source","1, 2021, while Deutsche's shares are little changed and HSBC's (HSBA.L), opens new tab have gained 37%.",16,0.07508247800022584
Barclays,2023-11-24,"Exclusive: Barclays working on $1.25 bln cost plan, could cut up to 2,000 jobs -source","ACTIONS Managers across teams within BX have been working with effectively frozen budgets this year and told that costs must be reduced in 2024, a second source in the division told Reuters.",24,0.1061968774966654
Barclays,2023-11-24,"Exclusive: Barclays working on $1.25 bln cost plan, could cut up to 2,000 jobs -source",Venkat signalled on Oct.,-1,0.0
Barclays,2023-11-24,"Exclusive: Barclays working on $1.25 bln cost plan, could cut up to 2,000 jobs -source",23 that Barclays will embark on further restructuring in preparation for its Feb.,24,1.0
Barclays,2023-11-24,"Exclusive: Barclays working on $1.25 bln cost plan, could cut up to 2,000 jobs -source","20 presentation, which is seen as a key opportunity for the bank to convince shareholders that it has a plan to lift its valuation.",29,0.09706496881211776
Barclays,2023-11-24,"Exclusive: Barclays working on $1.25 bln cost plan, could cut up to 2,000 jobs -source","Barclays is ""evaluating material structural cost actions"", Venkat said when it reported disappointing third-quarter results in October.",24,0.3715500941147944
Barclays,2023-11-24,"Exclusive: Barclays working on $1.25 bln cost plan, could cut up to 2,000 jobs -source","Barclays has been working with Boston Consulting Group on a strategy review, focused on which parts of the business to invest in and which should be reduced or sold.",24,1.0
Barclays,2023-11-24,"Exclusive: Barclays working on $1.25 bln cost plan, could cut up to 2,000 jobs -source","It is also reviewing options for its payments business among other measures, Reuters reported in July.",-1,0.0
Barclays,2023-11-24,"Exclusive: Barclays working on $1.25 bln cost plan, could cut up to 2,000 jobs -source",($1 = 0.8025 pounds) Reporting by Sinead Cruise and Lawrence White; Editing by Alexander Smith and David Evans,47,1.0
HSBC,2025-2-28,"Exclusive: HSBC cutting staff numbers by 900 at China Pinnacle unit, sources say","HONG KONG, Feb 27 (Reuters) - HSBC (HSBA.L), opens new tab is reducing staff numbers at its China digital wealth business Pinnacle by nearly half, or about 900 people, two sources said, a sharp reversal of the bank's ambition for the unit as part of its expansion plans in that country.",16,0.48315798044948655
HSBC,2025-2-28,"Exclusive: HSBC cutting staff numbers by 900 at China Pinnacle unit, sources say",Pinnacle was launched in 2020 and sells insurance and fund products through a digital platform in China.,28,1.0
HSBC,2025-2-28,"Exclusive: HSBC cutting staff numbers by 900 at China Pinnacle unit, sources say","It employed about 2,100 people at two of its main units as of the end of June last year, according to Reuters' calculations based on company disclosure and official business records.",42,0.3091487543745485
HSBC,2025-2-28,"Exclusive: HSBC cutting staff numbers by 900 at China Pinnacle unit, sources say",The reversal underscores the challenges the Asia-focused bank faces to boost growth and profitability in China at a time when it is slashing costs to boost returns.,-1,0.0
HSBC,2025-2-28,"Exclusive: HSBC cutting staff numbers by 900 at China Pinnacle unit, sources say","Reuters reported in October that Europe's largest lender by assets earlier last year started probing staff compensation structures and whether suppliers had inflated expenses, contributing to a sharp spike in costs that outpaced revenue at Pinnacle.",-1,0.0
HSBC,2025-2-28,"Exclusive: HSBC cutting staff numbers by 900 at China Pinnacle unit, sources say","The staff reduction involves layoffs, natural attrition and transfers to other units within the banking group in China, said the two sources, who have direct knowledge of the matter but declined to be identified due to the sensitivity of the matter.",23,0.5645609238314112
HSBC,2025-2-28,"Exclusive: HSBC cutting staff numbers by 900 at China Pinnacle unit, sources say","The London-headquartered bank's new CEO, Georges Elhedery, has launched a sweeping restructuring exercise, involving job cuts, to reduce long-term costs and boost profits at the bank.",-1,0.0
HSBC,2025-2-28,"Exclusive: HSBC cutting staff numbers by 900 at China Pinnacle unit, sources say","More than 500 insurance agents have already left Pinnacle in the past seven months, from around 1,700 in June, said the sources, mainly as its insurance brokerage unit stopped renewing job contracts after the launch of the review.",28,1.0
HSBC,2025-2-28,"Exclusive: HSBC cutting staff numbers by 900 at China Pinnacle unit, sources say","The banking group will soon start laying off around 100 staff at the Pinnacle fintech arm, with another 300 staff to be assigned to other business entities, such as its retail bank, leaving only a few dozen at the 400-people unit, they added.",-1,0.0
HSBC,2025-2-28,"Exclusive: HSBC cutting staff numbers by 900 at China Pinnacle unit, sources say","Numbers are subject to final discussions, the sources said.",-1,0.0
HSBC,2025-2-28,"Exclusive: HSBC cutting staff numbers by 900 at China Pinnacle unit, sources say","HSBC, which makes the bulk of its revenue in Asia and counts China as one of its key markets, did not comment directly on the staff changes.",16,0.6746553417233853
HSBC,2025-2-28,"Exclusive: HSBC cutting staff numbers by 900 at China Pinnacle unit, sources say","But it said the bank has a long-term strategic commitment to mainland China as a priority market, which has not changed.",-1,0.0
HSBC,2025-2-28,"Exclusive: HSBC cutting staff numbers by 900 at China Pinnacle unit, sources say","It will continue to invest in premier and global private banking, insurance and asset management in the mainland China market, a bank spokesperson said, adding in 2024 the bank grew wealth invested assets in mainland China by 61% from a year earlier.",-1,0.0
HSBC,2025-2-28,"Exclusive: HSBC cutting staff numbers by 900 at China Pinnacle unit, sources say",CHINA AMBITION HSBC's sharp pullback from the China digital wealth business is in contrast with its commitment to double down on wealth management business and on Asia in particular after exits from some sub-scale markets.,16,0.32829845034384336
HSBC,2025-2-28,"Exclusive: HSBC cutting staff numbers by 900 at China Pinnacle unit, sources say","The Greater China region, which includes Hong Kong and Taiwan, is the group's biggest income generator.",-1,0.0
HSBC,2025-2-28,"Exclusive: HSBC cutting staff numbers by 900 at China Pinnacle unit, sources say","Elhedery said last week that the bank was looking to invest more to bolster its wealth business, especially in Asia.",-1,0.0
HSBC,2025-2-28,"Exclusive: HSBC cutting staff numbers by 900 at China Pinnacle unit, sources say","China is the only market globally in which HSBC's wealth and personal banking business, which Pinnacle is part of, is not profitable yet.",16,0.33201914993148823
HSBC,2025-2-28,"Exclusive: HSBC cutting staff numbers by 900 at China Pinnacle unit, sources say","In the first half of 2024, the unit's China loss shrank to $46 million from $90 million a year earlier.",-1,0.0
HSBC,2025-2-28,"Exclusive: HSBC cutting staff numbers by 900 at China Pinnacle unit, sources say","Pinnacle, part of the bank's $6 billion investment in Asia committed in 2021, was meant to expand HSBC's reach outside its limited physical branch presence in China through its reliance on digital.",16,0.4572376027065269
HSBC,2025-2-28,"Exclusive: HSBC cutting staff numbers by 900 at China Pinnacle unit, sources say","The bank originally aimed to hire 3,000 wealth managers in China by 2025.",-1,0.0
HSBC,2025-2-28,"Exclusive: HSBC cutting staff numbers by 900 at China Pinnacle unit, sources say",The reversal in HSBC's digital wealth business ambition in China also underscores the challenges foreign financial institutions face in that country.,16,0.2084161403481652
HSBC,2025-2-28,"Exclusive: HSBC cutting staff numbers by 900 at China Pinnacle unit, sources say","fund manager Vanguard, which formed a joint venture with domestic fintech firm Ant Group in 2019 to offer digital fund portfolio services, had to end the partnership and exit the market in 2023, after the business struggled to take off.",11,0.1795102593773301
HSBC,2025-2-28,"Exclusive: HSBC cutting staff numbers by 900 at China Pinnacle unit, sources say","Reporting by Selena Li in Hong Kong, additional reporting by Engen Tham in Shanghai; Editing by Sumeet Chatterjee, Stephen Coates and Neil Fullick",-1,0.0
HSBC,2024-12-5,HSBC announces completion of next stage of global reorganisation,HSBC announces the completion of the next stage of its plans to simplify the Bank’s organisational structure to accelerate the delivery of its strategy.,16,1.0
HSBC,2024-12-5,HSBC announces completion of next stage of global reorganisation,"The changes will see HSBC create a simpler, more dynamic, agile organisation by operating through four key businesses.",16,1.0
HSBC,2024-12-5,HSBC announces completion of next stage of global reorganisation,This stage of the reorganisation has been completed at pace and the Bank has today announced the appointment of the senior leadership teams across all four businesses and the wider Group Operating Committee.,-1,0.0
HSBC,2024-12-5,HSBC announces completion of next stage of global reorganisation,"Georges Elhedery, HSBC Group CEO, said: “In October, we set out our plan to create a simpler, more dynamic, agile structure at HSBC.",16,1.0
HSBC,2024-12-5,HSBC announces completion of next stage of global reorganisation,"“We have now completed the next stage of these important changes, which will help us fast forward our plans to execute our strategic priorities.",7,0.16216165396824508
HSBC,2024-12-5,HSBC announces completion of next stage of global reorganisation,“The new structure will ensure we can better focus on the businesses where we have clear competitive advantage and the greatest opportunities to grow – and will help us to deliver best-in-class products and service excellence to our customers.,-1,0.0
HSBC,2024-12-5,HSBC announces completion of next stage of global reorganisation,"“While we are introducing these changes at pace, the process has been measured, thoughtful and fair.",7,0.06025017570870564
HSBC,2024-12-5,HSBC announces completion of next stage of global reorganisation,"On behalf of everyone at HSBC, I would like to thank those who are leaving the Bank for their service and commitment.” Further updates will be made at HSBC’s Full Year results in February.",16,0.8503477711948058
HSBC,2024-12-5,HSBC announces completion of next stage of global reorganisation,"All changes take effect from 1 January 2025, unless otherwise stated.",9,1.0
HSBC,2024-12-5,HSBC announces completion of next stage of global reorganisation,Please see more details in the addendum.,3,0.05042513277891026
HSBC,2024-10-22,HSBC splits East and West in major revamp and appoints first female finance chief,"HONG KONG/LONDON, Oct 22 (Reuters) - HSBC (HSBA.L), opens new tab, merged some operations and split its geographic footprint into East and West in a sweeping restructuring under new CEO Georges Elhedery that also included the appointment of the bank's first female finance chief.",16,1.0
HSBC,2024-10-22,HSBC splits East and West in major revamp and appoints first female finance chief,"Under the revamp, announced on Tuesday, HSBC will combine some of its commercial and investment banking businesses.",16,1.0
HSBC,2024-10-22,HSBC splits East and West in major revamp and appoints first female finance chief,"It also installed a new leadership structure, which would ""unleash our full potential and drive success into the future,"" Elhedery said in a memo to staff.",-1,0.0
HSBC,2024-10-22,HSBC splits East and West in major revamp and appoints first female finance chief,"He named Pam Kaur, 60, formerly HSBC's chief risk and compliance officer, as chief financial officer.",16,0.8118819263036865
HSBC,2024-10-22,HSBC splits East and West in major revamp and appoints first female finance chief,"The latest overhaul comes as HSBC, which employs about 214,000 people globally, tries to remove duplicate roles and shift its focus to Asia in a bid to cap costs and bolster income as falling interest rates worldwide hurt margins.",16,0.849546927622233
HSBC,2024-10-22,HSBC splits East and West in major revamp and appoints first female finance chief,"The group is carving up its operations into four business lines, namely UK, Hong Kong, corporate and institutional banking, and wealth banking.",-1,0.0
HSBC,2024-10-22,HSBC splits East and West in major revamp and appoints first female finance chief,"It is also reorganizing its geographic setup by bringing together Asia Pacific and the Middle East under the umbrella of Eastern Markets, while Western Markets will comprise Continental Europe, the Americas and its UK business excluding the retail bank.",-1,0.0
HSBC,2024-10-22,HSBC splits East and West in major revamp and appoints first female finance chief,The overhaul sees Elhedery also try to tackle one of HSBC's most intractable problems.,16,1.0
HSBC,2024-10-22,HSBC splits East and West in major revamp and appoints first female finance chief,"Its commercial bank, which serves the lender's more than 1.2 million business customers from startups to major corporations, has long held the potential to turbocharge profit if those customers could be persuaded to buy more products.",-1,0.0
HSBC,2024-10-22,HSBC splits East and West in major revamp and appoints first female finance chief,"Executives in that division, however, have sought to protect their clients from cross-selling efforts by investment bankers in HSBC's Global Banking division, sources at the bank have previously said.",16,1.0
HSBC,2024-10-22,HSBC splits East and West in major revamp and appoints first female finance chief,"By combining the two divisions - except in Hong Kong and the UK - into the new corporate and institutional division, Elhedery hopes to drive closer cooperation and deliver on the lender's recent stated focus to cross-sell more products to internationally focused customers.",-1,0.0
HSBC,2024-10-22,HSBC splits East and West in major revamp and appoints first female finance chief,"HSBC did not say what the projected cost savings might be or indicate how many jobs would be affected, but more details could emerge when the bank reports third-quarter results on Oct.",16,0.8135135632304046
HSBC,2024-10-22,HSBC splits East and West in major revamp and appoints first female finance chief,"""Cost-cutting is a big driver of these changes, with fresh efficiencies likely through the simplification of its geographical structures,"" said Susannah Streeter, head of money and markets at Hargreaves Lansdown.",-1,0.0
HSBC,2024-10-22,HSBC splits East and West in major revamp and appoints first female finance chief,"HSBC's shares were flat on Tuesday, while the FTSE 100 index (.FTSE), opens new tab slipped 0.6%.",16,0.08136140674634869
HSBC,2024-10-22,HSBC splits East and West in major revamp and appoints first female finance chief,"HSBC shares have risen 12% in the last year, underperforming a 33% gain in Europe's benchmark STOXX index of banks (.SX7P), opens new tab.",16,0.14950879826979163
HSBC,2025-5-14,HSBC to cut 10% of its workforce in France,"PARIS, May 14 (Reuters) - HSBC (HSBA.L), opens new tab plans to cut 348 jobs in France through a voluntary redundancy scheme, amounting to about 10% of its workforce in the country, the bank said on Wednesday.",16,0.6434896934650698
HSBC,2025-5-14,HSBC to cut 10% of its workforce in France,"The job losses are part of a cost-cutting drive led by CEO Georges Elhedery, who aims to reduce expenses by $1.8 billion by the end of 2026.",23,0.302857526179521
HSBC,2025-5-14,HSBC to cut 10% of its workforce in France,HSBC has already sold its retail and insurance divisions in France as part of a retreat from slow-growing European and North American markets where the bank has struggled against larger domestic players.,16,1.0
HSBC,2025-5-14,HSBC to cut 10% of its workforce in France,"""These developments in France reflect the acceleration of the implementation of HSBC's strategy aimed at simplifying the organisation to make it more agile ...",16,1.0
HSBC,2025-5-14,HSBC to cut 10% of its workforce in France,"adapting to an uncertain economic environment, growing competition and high internal costs,"" HSBC said.",16,0.3480748828143554
HSBC,2025-5-14,HSBC to cut 10% of its workforce in France,Reporting by Mathieu Rosemain Editing by GV De Clercq and David Goodman Our Standards: The Thomson Reuters Trust Principles.,-1,0.0
ING,2025-10-20,ING Group: Major reorganization in the Netherlands?,"In October, the following topics were discussed in various meetings: Announcement of collective dismissal 32-hour working week Mid Year score SUPM The learning account Job Security Commission Pension developments ING announces possible layoffs ING has announced that approximately 950 jobs are at risk through December 2026.",-1,0.0
ING,2025-10-20,ING Group: Major reorganization in the Netherlands?,"Every two years, ING submits a so-called WMCO notification (Collective Redundancy Notification Act).",42,1.0
ING,2025-10-20,ING Group: Major reorganization in the Netherlands?,"In this notification, ING provides a rough estimate of the expected changes in the coming period (the recently published requests for advice are also included in the figures for this WMCO notification).",42,1.0
ING,2025-10-20,ING Group: Major reorganization in the Netherlands?,"The previous WMCO notification announced a reduction of 850 FTEs, which ultimately resulted in a layoff of 250 FTEs.",42,1.0
ING,2025-10-20,ING Group: Major reorganization in the Netherlands?,"Subsequently, the number of employees increased by 1000 FTEs.",42,1.0
ING,2025-10-20,ING Group: Major reorganization in the Netherlands?,"In other words, the current WMCO notification does not mean that 950 employees will be laid off; many employees will be able to find new positions within ING.",42,1.0
ING,2025-10-20,ING Group: Major reorganization in the Netherlands?,"However, it does mean that a turbulent period is approaching for many employees.",42,0.35682374327442745
ING,2025-10-20,ING Group: Major reorganization in the Netherlands?,"ING substantiates the expected staff reduction by citing digitalization, centralization, and efficiency through the use of AI.",4,0.15399817563710108
ING,2025-10-20,ING Group: Major reorganization in the Netherlands?,"In the upcoming requests for advice, ING must demonstrate that positions will actually be eliminated.",-1,0.0
ING,2025-10-20,ING Group: Major reorganization in the Netherlands?,"Please contact De Unie Are you involved in a reorganization, or are you becoming mobile as a preventative measure?",36,1.0
ING,2025-10-20,ING Group: Major reorganization in the Netherlands?,"Then contact our advocate, Inge de Vries, via inge.de.vries@unie.nl.",36,1.0
ING,2025-10-20,ING Group: Major reorganization in the Netherlands?,"De Unie can help you with information, explanations about the social plan, and other reorganizations at ING, and your information can be important to help as many members as possible.",36,1.0
ING,2025-10-20,ING Group: Major reorganization in the Netherlands?,"You can contact the Service Center of De UnieTo have your VSO checked, or if you need legal support because ING has not met its obligations under the social plan, you can contact the Service Center by sending an email to: sc@unie.nl or by telephone: 0345-851 963 Retirement In 2024, the social partners (ING, De Unie and other trade unions) drew up a transition plan after lengthy negotiations.",36,1.0
ING,2025-10-20,ING Group: Major reorganization in the Netherlands?,This transition plan was drawn up by the members of De Unie It was subsequently submitted by the social partners to the boards of both pension funds.,36,1.0
ING,2025-10-20,ING Group: Major reorganization in the Netherlands?,"To date, neither board has accepted the transition plan.",36,1.0
ING,2025-10-20,ING Group: Major reorganization in the Netherlands?,The social partners are in discussions with the pension fund boards.,36,0.3447143328835185
ING,2025-10-20,ING Group: Major reorganization in the Netherlands?,"Should this unexpectedly lead to a substantive change to the transition plan, De Unie to resubmit this to the members.",36,1.0
ING,2025-10-20,ING Group: Major reorganization in the Netherlands?,The advocate would like to update interested members on the topics being discussed in relation to the transition plan.,-1,0.0
ING,2025-10-20,ING Group: Major reorganization in the Netherlands?,"She would like to do this on Friday, October 31, 2025 at 12:00 noon.",29,1.0
ING,2025-10-20,ING Group: Major reorganization in the Netherlands?,You can simply register and subscribe your here.,29,0.1400663399212879
ING,2025-10-20,ING Group: Major reorganization in the Netherlands?,"free register until Wednesday, October 29th.",29,0.2423118090441825
ING,2025-10-20,ING Group: Major reorganization in the Netherlands?,"Periodic consultation October 4 32-hour working week At the suggestion of one of the other unions, a study was conducted on the effects of a 32-hour workweek.",-1,0.0
ING,2025-10-20,ING Group: Major reorganization in the Netherlands?,This study inventoried the experiences outside ING with the introduction of a shorter workweek.,-1,0.0
ING,2025-10-20,ING Group: Major reorganization in the Netherlands?,"The study has, in some respects, De Unie Concerning this, no convincing results have been produced.",36,0.32140973483414254
ING,2025-10-20,ING Group: Major reorganization in the Netherlands?,The companies that have introduced a 32-hour workweek are not comparable to ING.,-1,0.0
ING,2025-10-20,ING Group: Major reorganization in the Netherlands?,The assumption behind a 32-hour workweek is that employees will have more free time because they will be working four days a week.,-1,0.0
ING,2025-10-20,ING Group: Major reorganization in the Netherlands?,"However, at ING, many employees already work four days a week in a 4x9-hour rhythm.",-1,0.0
ING,2025-10-20,ING Group: Major reorganization in the Netherlands?,A second assumption is that the shorter workweek will not negatively impact ING's salary levels in the future.,-1,0.0
ING,2025-10-20,ING Group: Major reorganization in the Netherlands?,De Unie has concerns about this; it's not possible to legally document this.,36,1.0
ING,2025-10-20,ING Group: Major reorganization in the Netherlands?,We also lack insight into the consequences for individual employees' workloads if they reduce their hours.,-1,0.0
ING,2025-10-20,ING Group: Major reorganization in the Netherlands?,ING is currently considering a response regarding the 32-hour workweek.,-1,0.0
ING,2025-10-20,ING Group: Major reorganization in the Netherlands?,Mid-Year Performance Management Score Evaluation ING has provided insight into the interim evaluation that will be held mid-year.,37,0.3612400617987977
ING,2025-10-20,ING Group: Major reorganization in the Netherlands?,The interim evaluation for the first half of 2025 does not differ significantly from the interim evaluation of previous years.,-1,0.0
ING,2025-10-20,ING Group: Major reorganization in the Netherlands?,Update The Learning Account Part of the collective labor agreement is a joint committee that will improve the training offering (including the learning account).,-1,0.0
ING,2025-10-20,ING Group: Major reorganization in the Netherlands?,"Now that ING is undergoing so many reorganizations, it is even more important that the training offering is in order.",-1,0.0
ING,2025-10-20,ING Group: Major reorganization in the Netherlands?,presentation read about the improvements that have been made to the learning account.,3,0.1038148549593451
ING,2025-10-20,ING Group: Major reorganization in the Netherlands?,Job Security Commission The Job Security Committee monitors (following employee complaints) whether ING is implementing the social plan correctly.,36,0.4450123707097922
ING,2025-10-20,ING Group: Major reorganization in the Netherlands?,Cases in which the Job Security Committee rules in the employee's favor can be discussed anonymously during regular meetings.,36,1.0
ING,2025-10-20,ING Group: Major reorganization in the Netherlands?,We evaluate what needs to be improved in ING's procedures to prevent the same mistake from happening again.,-1,0.0
ING,2025-10-20,ING Group: Major reorganization in the Netherlands?,Do you disagree with the way ING is implementing the social plan?,36,0.5267568221363146
ING,2025-10-20,ING Group: Major reorganization in the Netherlands?,Then please contact the Service Center of De UnieA lawyer of De Unie will then discuss with you whether submitting your complaint to the Employment Security Committee would be beneficial in your situation.,36,1.0
ING,2025-10-20,ING Group: Major reorganization in the Netherlands?,The lawyer can also help you draft an appeal.,41,1.0
ING,2025-12-21,ING survey: 25 percent of executives certain AI will replace jobs,More and more leaders of large Dutch companies anticipate that artificial intelligence (AI) will take over jobs.,4,0.0924544976358293
ING,2025-12-21,ING survey: 25 percent of executives certain AI will replace jobs,"Currently, 25 percent are certain it will happen, up from 19 percent and 6 percent in the previous two years, according to a survey by ING of 261 top executives.",-1,0.0
ING,2025-12-21,ING survey: 25 percent of executives certain AI will replace jobs,"The bank reports that, on average, executives expect 25 percent of existing roles to be altered.",-1,0.0
ING,2025-12-21,ING survey: 25 percent of executives certain AI will replace jobs,"The IT department is expected to be most affected, followed by R&D and sales.",4,0.05219510428669047
ING,2025-12-21,ING survey: 25 percent of executives certain AI will replace jobs,Executives do not anticipate that AI will reduce their workforce by 25 percent.,4,0.036098326850617535
ING,2025-12-21,ING survey: 25 percent of executives certain AI will replace jobs,"“With new roles being created, recruiting remains a key focus for executives,” explains Mark Milders, Director of Wholesale Banking at ING Netherlands.",-1,0.0
ING,2025-12-21,ING survey: 25 percent of executives certain AI will replace jobs,"“AI takes over repetitive tasks, allowing employees to spend more time generating value for the company.” Milders anticipates a similar effect at ING.",4,0.13362472116166174
ING,2025-12-21,ING survey: 25 percent of executives certain AI will replace jobs,"“Eliminating many routine administrative tasks will free up time for employees to focus on creating value for our corporate clients.” In October, ING revealed plans to eliminate up to 950 positions in the Netherlands by the end of next year, partly due to roles being replaced by AI.",-1,0.0
ING,2025-12-21,ING survey: 25 percent of executives certain AI will replace jobs,The figure was based on a forecast submitted to the Dutch Employee Insurance Agency (UWV).,-1,0.0
ING,2025-12-21,ING survey: 25 percent of executives certain AI will replace jobs,Milders expects that the fast pace of AI development in 2026 will have a growing impact on how Dutch companies operate and invest.,4,0.09837401756591217
ING,2025-12-21,ING survey: 25 percent of executives certain AI will replace jobs,"“It will bring numerous changes, with considerable effects on business processes and a shift in the distribution of roles across the labor market.” Almost 75 percent of managers expect to recover their AI investments within the next two years.",4,0.17229553411611329
Julius Baer,2025-2-3,Julius Baer stock has worst day in a decade as results disappoint,"ZURICH, Feb 3 (Reuters) - Swiss bank Julius Baer (BAER.S), opens new tab shares plunged on Monday after new Chief Executive Stefan Bollinger's plans to cut its workforce by about 5% and shrink its executive board failed to offset concern about the outlook.",16,0.06769739924909131
Julius Baer,2025-2-3,Julius Baer stock has worst day in a decade as results disappoint,"Baer's shares lost over 13%, putting the bank on track for its worst day in a decade after it reported a 2024 pretax profit that fell short of expectations.",-1,0.0
Julius Baer,2025-2-3,Julius Baer stock has worst day in a decade as results disappoint,The wealth manager said it targeted savings of 110 million Swiss francs ($120.1 million) and would reduce the executive board to five members from 15 with immediate effect.,-1,0.0
Julius Baer,2025-2-3,Julius Baer stock has worst day in a decade as results disappoint,"Bollinger, who took over last month after his predecessor was ousted over heavy losses linked to failed property group Signa, said a new leadership structure and smaller executive board would increase accountability, instilling discipline from the top down.",-1,0.0
Julius Baer,2025-2-3,Julius Baer stock has worst day in a decade as results disappoint,"""This is the first move to create a leaner, more straightforward way of running our business.",-1,0.0
Julius Baer,2025-2-3,Julius Baer stock has worst day in a decade as results disappoint,"We are going to apply the same principles through the entire organisation,"" said Bollinger.",-1,0.0
Julius Baer,2025-2-3,Julius Baer stock has worst day in a decade as results disappoint,"The planned cuts amount to 400 jobs, said operations chief Nic Dreckmann, and would focus on back office and other non-client facing positions, predominantly in Switzerland.",23,1.0
Julius Baer,2025-2-3,Julius Baer stock has worst day in a decade as results disappoint,"Baer's cost-income ratio stood at 70.9% in 2024, which the bank said was ""still unsatisfactory"" and far removed from its 2025 target of less than 64%.",-1,0.0
Julius Baer,2025-2-3,Julius Baer stock has worst day in a decade as results disappoint,The bank also said it had decided against a new share buyback programme.,8,0.4054296571811333
Julius Baer,2025-2-3,Julius Baer stock has worst day in a decade as results disappoint,"Though assets under management were up 16% at 497 billion francs, analysts at Bank Vontobel described the results as mixed, flagging adjusted pretax profit 3% below consensus expectations.",-1,0.0
Julius Baer,2025-2-3,Julius Baer stock has worst day in a decade as results disappoint,"The pace of net new money inflows would likely flatten, Julius Baer said in an analysts' call.",-1,0.0
Julius Baer,2025-2-3,Julius Baer stock has worst day in a decade as results disappoint,"""We currently think the net new money pace in 2025 will probably be closer to the 3% we did in 2024, rather than the 4-plus percent we saw in H2,"" finance chief Evie Kostakis said.",9,1.0
Julius Baer,2025-2-3,Julius Baer stock has worst day in a decade as results disappoint,"Baer had strengthened its risk framework, leading to ""a slightly more conservative risk profile when it comes to clients,"" Kostakis said.",-1,0.0
Julius Baer,2025-2-3,Julius Baer stock has worst day in a decade as results disappoint,"Julius Baer is subject to an enforcement assessment by Swiss financial market authority FINMA following the Signa losses, which ushered in major changes in the management.",-1,0.0
Julius Baer,2025-2-3,Julius Baer stock has worst day in a decade as results disappoint,"Last month Chairman Romeo Lacher said he would step down in April, clearing the way for a fresh start at the top.",-1,0.0
Julius Baer,2025-2-3,Julius Baer stock has worst day in a decade as results disappoint,"The bank would not announce share buybacks before completing the review and was not envisaging any M&A activities but was focused on organic growth, CEO Bollinger said.",8,0.3028646502635153
Julius Baer,2025-2-3,Julius Baer stock has worst day in a decade as results disappoint,The bank said it would provide a strategic update before summer 2025 without specifying when.,-1,0.0
Julius Baer,2025-2-3,Julius Baer stock has worst day in a decade as results disappoint,($1 = 0.9159 Swiss francs),47,1.0
Julius Baer,2026-1-13,Visa 2026 Global Economic Outlook: AI Adoption and Shifting Trade Patterns Drive Economic Transformation Beneath Steady Growth,"Visa forecasts structural economic transformation driven by AI adoption, supply chain rewiring and accelerating business investment that supports stable 2.7% global growth Global GDP projected to grow 2.7% in 2026, with surface stability masking fundamental shifts in trade, technology and demographics Rise in business investment gains should offset softening consumption Small businesses outpace consumers in AI adoption, with AI-integrating firms showing significantly higher transaction growth SAN FRANCISCO--(BUSINESS WIRE)-- Visa (NYSE: V), a global leader in digital payments, today released its Global Economic Outlook for 2026, revealing that while headline growth appears steady at 2.7%, the global economy is undergoing fundamental transformation driven by artificial intelligence adoption, evolving trade networks and shifting investment patterns.",-1,0.0
Julius Baer,2026-1-13,Visa 2026 Global Economic Outlook: AI Adoption and Shifting Trade Patterns Drive Economic Transformation Beneath Steady Growth,"Analysis from Visa Business and Economic Insights shows that beneath the surface of stable GDP growth, three powerful forces are rewiring the structure of global commerce: generative AI acceleration, supply chain fragmentation and demographic pressures.",-1,0.0
Julius Baer,2026-1-13,Visa 2026 Global Economic Outlook: AI Adoption and Shifting Trade Patterns Drive Economic Transformation Beneath Steady Growth,"""What appears to be an 'average' year is actually a period of profound economic transformation,"" said Visa Chief Economist, Wayne Best.",22,0.1616102547846784
Julius Baer,2026-1-13,Visa 2026 Global Economic Outlook: AI Adoption and Shifting Trade Patterns Drive Economic Transformation Beneath Steady Growth,"""Consumer spending remains solid, providing a stable foundation, while business investment accelerates to drive the next phase of expansion.",22,0.07430935069525092
Julius Baer,2026-1-13,Visa 2026 Global Economic Outlook: AI Adoption and Shifting Trade Patterns Drive Economic Transformation Beneath Steady Growth,"The economy is being fundamentally rebuilt by AI, new trade patterns and digital innovation."" Key Findings Steady Growth Masks Structural Transformation: Global GDP is projected to grow 2.7% in 2026, down slightly from 2.9% in 2025.",22,0.6265678098476941
Julius Baer,2026-1-13,Visa 2026 Global Economic Outlook: AI Adoption and Shifting Trade Patterns Drive Economic Transformation Beneath Steady Growth,"While headline figures suggest continuity, three structural forces are reshaping the economy: geonomics displacing globalization, generative AI accelerating across sectors and population aging pressuring growth.",22,1.0
Julius Baer,2026-1-13,Visa 2026 Global Economic Outlook: AI Adoption and Shifting Trade Patterns Drive Economic Transformation Beneath Steady Growth,The composition and drivers of economic expansion are changing rapidly beneath this surface stability.,22,1.0
Julius Baer,2026-1-13,Visa 2026 Global Economic Outlook: AI Adoption and Shifting Trade Patterns Drive Economic Transformation Beneath Steady Growth,"Investment Accelerates as Consumption Moderates: Consumer spending remains resilient at 2.4% growth in 2026, moderating from 2.7% in 2025, while inflation eases from 3.4% to 3.1%.",22,0.11903294817855034
Julius Baer,2026-1-13,Visa 2026 Global Economic Outlook: AI Adoption and Shifting Trade Patterns Drive Economic Transformation Beneath Steady Growth,"Business investment is accelerating, driven by AI infrastructure buildout and declining policy uncertainty, offsetting the consumption slowdown.",4,0.6684540446331754
Julius Baer,2026-1-13,Visa 2026 Global Economic Outlook: AI Adoption and Shifting Trade Patterns Drive Economic Transformation Beneath Steady Growth,This shift from consumption-led to investment-led growth should support commercial payments as business activity resumes.,-1,0.0
Julius Baer,2026-1-13,Visa 2026 Global Economic Outlook: AI Adoption and Shifting Trade Patterns Drive Economic Transformation Beneath Steady Growth,Supply Chains Rewire; Trade Patterns Fragment: Intra-regional trade now drives two-thirds of global trade growth as supply chains shorten and companies broaden supplier bases in response to tariffs and de-risking mandates.,-1,0.0
Julius Baer,2026-1-13,Visa 2026 Global Economic Outlook: AI Adoption and Shifting Trade Patterns Drive Economic Transformation Beneath Steady Growth,"This restructuring is fueling business travel growth, particularly in mining and technology, and driving faster recovery in cross-border commercial payments versus domestic corporate payments.",-1,0.0
Julius Baer,2026-1-13,Visa 2026 Global Economic Outlook: AI Adoption and Shifting Trade Patterns Drive Economic Transformation Beneath Steady Growth,"GenAI Adoption Transforms Small Business Competition: Small businesses now adopt generative AI faster than consumers, with AI-integrating firms showing significantly higher transaction growth.",4,0.04659721570139632
Julius Baer,2026-1-13,Visa 2026 Global Economic Outlook: AI Adoption and Shifting Trade Patterns Drive Economic Transformation Beneath Steady Growth,"This technology enables lean teams to achieve scale previously requiring much larger workforces, potentially redefining what it means to be a ""small business."" While North American tech hubs lead in absolute adoption, faster growth abroad suggests global markets may produce the next wave of AI-driven business models.",4,0.16092499887077158
Julius Baer,2026-1-13,Visa 2026 Global Economic Outlook: AI Adoption and Shifting Trade Patterns Drive Economic Transformation Beneath Steady Growth,"The baseline forecast of 2.7% GDP growth reflects resilient fundamentals: stable consumer spending, accelerating business investment, and continued AI adoption across sectors, balanced against policy uncertainties and demographic pressures.",22,1.0
Julius Baer,2026-1-13,Visa 2026 Global Economic Outlook: AI Adoption and Shifting Trade Patterns Drive Economic Transformation Beneath Steady Growth,"""The global economy demonstrated remarkable resilience in 2025 despite significant policy changes,"" Best said.",22,1.0
Julius Baer,2026-1-13,Visa 2026 Global Economic Outlook: AI Adoption and Shifting Trade Patterns Drive Economic Transformation Beneath Steady Growth,"""As we enter 2026, the pace of structural transformation is accelerating, creating challenges and opportunities.",-1,0.0
Julius Baer,2026-1-13,Visa 2026 Global Economic Outlook: AI Adoption and Shifting Trade Patterns Drive Economic Transformation Beneath Steady Growth,"Organizations that combine timely insights with operational agility will be best positioned to navigate this evolving landscape and capitalize on growth drivers like AI adoption and evolving trade networks."" Read the full Visa 2026 Global Economic Outlook report here and take a deeper dive into the key findings on Visa Perspectives.",0,0.12163533206836837
Julius Baer,2026-1-13,Visa 2026 Global Economic Outlook: AI Adoption and Shifting Trade Patterns Drive Economic Transformation Beneath Steady Growth,"About the Visa 2026 Global Economic Outlook The Visa 2026 Global Economic Outlook provides broad analysis of global economic trends, regional forecasts and sector-specific insights based on proprietary Visa transaction data, economic modeling, and analysis of emerging trends.",0,0.11684051793533866
Julius Baer,2026-1-13,Visa 2026 Global Economic Outlook: AI Adoption and Shifting Trade Patterns Drive Economic Transformation Beneath Steady Growth,"The report includes detailed projections for consumer spending, business investment, inflation, and trade patterns across major economies.",22,0.22846457493199235
